id,domain,status,purchase_price,renewal_price,attractiveness,demand,length,registrar,created_at,expires_at,status_verified_at
6798c404-59fd-4006-a877-d483adb138bb,farseeing.in,available,7.95,7.95,medium,low,9,namesilo,,,14/08/2026 22:22
fe189c79-f2bd-4176-8b8a-8127a94285e4,impaired.in,resell,,,medium,low,8,"Dynadot, LLC",01/06/2016 18:56,01/06/2027 18:56,26/09/2026 06:49
76c0aa51-dd22-41a5-8670-3999306df469,autogiro.in,available,9.98,11.98,medium,low,8,namecheap,,,21/09/2026 06:22
4251347f-5b4c-444d-a9f9-109af5074918,tying.in,resell,,,high,low,5,,,,29/09/2026 08:16
4256c429-a11c-4cde-9d52-d84d29305215,frail.in,available,7.95,7.95,high,low,5,namesilo,,,18/08/2026 13:59
75fb3ef3-b753-4790-8b8d-1ecf2adb3a88,democrats.in,resell,,,medium,low,9,,,,30/09/2026 00:47
ae50fa16-5f22-46ad-9c82-27e885d6a87f,precinct.in,available,6.26,6.26,medium,low,8,dynadot,,,28/09/2026 15:05
3ad1a2a4-bf2f-4535-b3d2-06a07ecd5d91,clitlicker.in,available,7.83,7.83,medium,low,10,porkbun,,,02/10/2026 06:00
426468fe-93bb-48b0-beb9-3b0c1dd60c02,brentwood.in,available,5.97,5.97,high,low,9,spaceship,,,29/09/2026 10:01
816cea6c-969a-4898-913f-84e32694e9c2,aught.in,available,7.95,7.95,medium,low,5,namesilo,,,03/09/2026 22:36
76514aca-c490-460c-896d-e70c695050f0,textured.in,available,7.95,7.95,medium,low,8,namesilo,,,12/08/2026 14:07
ea9521d3-7a02-41bc-b84d-ee9e7b5b91e4,dreamfully.in,available,7.95,7.95,medium,low,10,namesilo,,,14/09/2026 14:19
f738a772-f363-4f4e-a329-d67eb3c7c499,witless.in,available,9.98,11.98,medium,low,7,namecheap,,,03/09/2026 17:49
38d67716-df35-422e-a7b2-0197e282a92a,ejected.in,available,9.98,11.98,low,low,7,namecheap,,,02/10/2026 02:12
735bc019-b63b-4a50-a2ad-db4fbac25021,alastair.in,available,7.83,7.83,medium,low,8,porkbun,,,01/10/2026 08:31
c05f0e93-fb0a-4e99-8b94-eb648c10c84d,antisemitism.in,available,7.95,7.95,medium,low,12,namesilo,,,30/09/2026 05:46
0534122b-9451-406b-8ee3-d5cd8d9a194d,baldric.in,available,9.98,11.98,medium,low,7,namecheap,,,21/09/2026 21:45
91234890-ae9c-404c-bca4-bc44009c373d,undimmed.in,available,7.95,7.95,medium,low,8,namesilo,,,12/09/2026 08:06
4c1811da-fe64-4432-9825-46137594caed,hittite.in,available,7.95,7.95,medium,low,7,namesilo,,,21/08/2026 10:00
706ef139-35ee-47e7-bc8c-18267fab8e4e,loudoun.in,available,7.95,7.95,high,low,7,namesilo,,,29/09/2026 22:41
77396318-a193-4657-add0-57cdbc1da084,hidebound.in,available,7.95,7.95,medium,low,9,namesilo,,,21/08/2026 08:11
fb5acb0d-336b-4481-bef4-4d0f44dc13c3,brutal.in,resell,,,medium,low,6,Suryanandan.net,20/12/2018 20:01,20/12/2026 20:01,26/09/2026 04:38
b18eaca4-c2e8-47ae-ac93-7bc7c7ce1edb,shadowy.in,available,7.95,7.95,medium,low,7,namesilo,,,10/09/2026 05:28
dc79e271-2d39-4bfb-a5b1-50ec03e06a77,navigable.in,available,7.95,7.95,medium,low,9,namesilo,,,03/09/2026 14:13
6daa320f-6f57-4d73-aa51-ec9f97b55983,coquettish.in,available,7.95,7.95,medium,low,10,namesilo,,,13/08/2026 00:44
31c2c4cf-c281-4633-8e5c-972f08d8fb26,basketry.in,available,7.95,7.95,medium,low,8,namesilo,,,22/09/2026 11:28
aae076c9-cab5-45ca-ad42-742e41dbd17a,negligence.in,available,7.95,7.95,medium,low,10,namesilo,,,29/09/2026 07:40
e61bf246-c879-42c8-9f4b-37715920aec4,unuttered.in,available,7.95,7.95,medium,low,9,namesilo,,,12/09/2026 09:47
180b8577-f9b3-4f94-be86-6790d00d0156,nodular.in,available,9.98,11.98,medium,low,7,namecheap,,,03/09/2026 18:06
e5bc27b4-6a3c-4f79-add0-4a4656caf917,ethnic.in,resell,,,high,low,6,101domain GRS Ltd.,17/02/2005 08:20,17/02/2027 08:20,26/09/2026 05:54
2c42b75f-381e-494c-bd71-9e0b55a410ff,newtonian.in,available,7.95,7.95,medium,low,9,namesilo,,,03/09/2026 16:55
bc0fcd1a-7740-4312-96c9-11a04b5b06d4,hackneyed.in,available,7.95,7.95,medium,low,9,namesilo,,,08/08/2026 10:56
a5d9cd4f-a6d8-4cca-b403-bacc377c5fa0,publicly.in,resell,,,medium,low,8,Endurance International Group India Private Limited,26/07/2011 11:58,26/07/2028 11:58,28/09/2026 15:37
35b755df-8af5-4456-8bcb-930252182c77,lumpen.in,available,7.95,7.95,medium,low,6,namesilo,,,24/08/2026 11:14
f386866d-3392-443e-9f3f-345f53aa81c0,beggars.in,available,6.26,6.26,medium,low,7,dynadot,,,01/10/2026 17:57
df55f5ba-77ed-4df3-a0e5-714d8530c6e2,marlborough.in,available,7.95,7.95,medium,low,11,namesilo,,,27/09/2026 01:35
16ab7784-7309-4d3a-967e-902add5b6f96,gratuitous.in,available,7.95,7.95,medium,low,10,namesilo,,,13/08/2026 03:14
555449c3-6b8d-417f-b4f2-36b374f75010,susurrous.in,available,7.95,7.95,medium,low,9,namesilo,,,03/09/2026 11:24
079d2fc3-bf6b-428e-af53-0dd75db965ca,squinty.in,available,7.95,7.95,medium,low,7,namesilo,,,07/08/2026 03:20
403f8854-22cb-4d78-b1d4-62eca54f0f8d,sourly.in,available,7.95,7.95,low,low,6,namesilo,,,16/09/2026 05:40
fa9d094c-5d2e-4ff7-9317-ceacb104f322,collingwood.in,available,5.97,5.97,medium,low,11,spaceship,,,28/09/2026 12:17
59a4fce5-bd3e-4ea3-83ea-ad4c8d48beac,grievous.in,available,7.95,7.95,medium,low,8,namesilo,,,07/08/2026 14:41
614557cc-dcca-46b5-bdc3-1ce4c697c193,stalling.in,available,5.97,5.97,medium,low,8,spaceship,,,30/09/2026 18:49
c10b00b5-7508-4ba7-a9b2-e844519799b8,unbiased.in,resell,,,high,low,8,"Dynadot, LLC",31/03/2016 20:02,31/03/2027 20:02,26/09/2026 09:50
28283d6f-7340-4cf7-8caf-e280bc390280,rejecting.in,available,7.95,7.95,low,low,9,namesilo,,,30/09/2026 00:04
63240939-7acc-4d61-a263-73c7e3dca998,arariba.in,available,7.95,7.95,medium,low,7,namesilo,,,20/09/2026 00:13
9b050653-9e57-4f37-9e59-42c3cc73887d,frankford.in,available,5.97,5.97,medium,low,9,spaceship,,,01/10/2026 23:38
c22bf641-9582-4ab6-894d-c57e477eec50,pleasing.in,resell,,,high,low,8,"Dynadot, LLC",12/05/2018 20:34,12/05/2027 20:34,27/09/2026 04:10
b1e2643c-588f-499a-a962-3bcc9665433e,cowardice.in,available,9.98,11.98,medium,low,9,namecheap,,,24/09/2026 18:57
04d4d0bf-305e-4fa7-9183-ef6d18248923,urbanely.in,available,7.95,7.95,medium,low,8,namesilo,,,16/09/2026 10:27
b753513d-b4b4-459a-844e-2c4099d00f97,rabies.in,available,5.97,5.97,medium,low,6,spaceship,,,29/09/2026 19:34
33739662-0112-4407-8a85-5f61421155d1,geelong.in,available,9.98,11.98,medium,low,7,namecheap,,,01/10/2026 07:49
ffec19e9-f782-4633-8b8c-9211531398c4,decedent.in,available,9.98,11.98,medium,low,8,namecheap,,,13/08/2026 21:05
8c4dd5e3-95dc-4511-b416-c7ad9606ec0a,pascual.in,available,5.97,5.97,medium,low,7,spaceship,,,02/10/2026 02:24
cdf8e90c-4db5-45f2-8bb3-0744a41aa4ee,sprightly.in,available,7.95,7.95,high,low,9,namesilo,,,10/09/2026 16:49
14c74b74-fc36-4472-a131-b991df831bd1,houghton.in,available,7.95,7.95,medium,low,8,namesilo,,,25/09/2026 23:07
3f636a70-9b20-4a3e-a5e4-24ec45036c9b,inwardly.in,available,7.95,7.95,medium,low,8,namesilo,,,15/09/2026 09:18
5db763fd-c616-491a-a8ec-4d0b574aec17,overhand.in,available,9.98,11.98,high,low,8,namecheap,,,04/09/2026 20:09
b300b483-a2c0-4f91-83d5-f40f4d7548ff,riverdale.in,resell,,,high,low,9,,,,30/09/2026 05:42
9c1da94a-94ad-4676-ac6b-7068527b3b6a,consumable.in,available,7.95,7.95,high,low,10,namesilo,,,12/08/2026 23:04
3092e287-1d11-4645-9d37-fb2ee43a7f97,appointive.in,available,7.95,7.95,medium,low,10,namesilo,,,06/08/2026 07:16
0b5cb0f2-8a18-43fd-89d7-837e04d3715e,autarchic.in,available,7.95,7.95,medium,low,9,namesilo,,,07/08/2026 18:36
4d7f3675-a054-45b3-ad76-c9402b50339d,foxily.in,available,7.95,7.95,medium,low,6,namesilo,,,14/09/2026 09:04
239c2235-cadf-4261-b553-63399144cd63,icily.in,available,7.95,7.95,low,low,5,namesilo,,,15/09/2026 01:36
a7604808-09d2-444e-b628-04f358af1d5c,crossly.in,available,7.95,7.95,low,low,7,namesilo,,,14/09/2026 09:42
b897f92d-2bfe-47fe-8429-29372a0d60c6,commencement.in,available,7.95,7.95,high,low,12,namesilo,,,02/10/2026 01:17
e499d79e-8513-4b76-8ad6-478aab45193f,hutchins.in,available,5.97,5.97,medium,low,8,spaceship,,,28/09/2026 19:28
623b1324-f6a6-4093-a286-0747c3d472a0,visualised.in,available,7.95,7.95,medium,low,10,namesilo,,,17/08/2026 10:03
b55824ad-bfca-4a7d-b6d5-308326d95968,implying.in,available,7.95,7.95,high,low,8,namesilo,,,01/10/2026 23:05
75eaac87-f20f-4940-9064-6583c509cb8f,despot.in,available,7.95,7.95,medium,low,6,namesilo,,,21/09/2026 06:11
d46a21af-a97a-476e-ada7-6f4a8e5f37c3,abydos.in,available,7.95,7.95,medium,low,6,namesilo,,,16/09/2026 19:41
ea60bdb3-1119-4b77-a68e-c7f5d6585b22,crepuscule.in,available,7.95,7.95,medium,low,10,namesilo,,,11/09/2026 21:48
8c5f8417-1430-4812-be7a-dd36708d1d23,antipodean.in,available,7.95,7.95,medium,low,10,namesilo,,,
d285adf5-ed16-4912-a363-6dcabadf796e,galveston.in,available,7.95,7.95,high,low,9,namesilo,,,27/09/2026 04:07
cc3a10bf-32f7-4e48-837a-9ca201035832,hesperides.in,available,9.98,11.98,medium,low,10,namecheap,,,20/09/2026 21:44
a309830b-ad4e-42e4-b6a0-0520dcce067f,guangxi.in,available,5.97,5.97,high,low,7,spaceship,,,30/09/2026 21:15
e52a32eb-8fa4-4024-841f-ce3ece8de800,antonym.in,available,7.95,7.95,medium,low,7,namesilo,,,04/09/2026 16:48
192a62f2-61ec-4a61-bd91-9f56698050f2,enamored.in,available,9.98,11.98,medium,low,8,namecheap,,,16/08/2026 21:09
bd8c43f6-6754-47e6-ab33-16d4c2a272a9,glistening.in,available,7.95,7.95,high,low,10,namesilo,,,20/08/2026 14:30
c56ee907-4dd8-41cf-acef-4592b3bbe8bf,spidery.in,available,7.95,7.95,medium,low,7,namesilo,,,06/08/2026 11:46
2784c597-6409-4e44-802e-57a5264b3df3,acinose.in,available,7.95,7.95,medium,low,7,namesilo,,,
1c5da774-c081-4d3b-b72a-626a6b126e6f,rancor.in,available,7.95,7.95,medium,low,6,namesilo,,,23/09/2026 23:05
6cb167d2-8955-40c0-ae5a-be465d8a6d2d,stalks.in,available,7.95,7.95,low,low,6,namesilo,,,01/10/2026 15:27
c14374d7-2a78-47cd-aaba-308898ccb77c,tutelary.in,available,9.98,11.98,medium,low,8,namecheap,,,13/08/2026 12:21
43a4d24f-4ea5-4e35-8837-7a1f04bb59bb,pleased.in,available,7.95,7.95,high,low,7,namesilo,,,27/09/2026 04:08
dc564776-07a5-4c0f-ac2f-2f57596d539b,persisted.in,available,7.95,7.95,medium,low,9,namesilo,,,18/09/2026 08:42
0401c7c8-68e3-41e6-a2f3-28fe04a1045a,laredo.in,resell,,,high,low,6,,,,28/09/2026 19:41
42d88875-fbb9-4253-a240-d7ff82a110d7,roxbury.in,available,5.97,5.97,medium,low,7,spaceship,,,28/09/2026 12:20
2c373ff9-1a9e-46ed-920e-c4bb9aa43de1,whiskered.in,available,7.95,7.95,medium,low,9,namesilo,,,08/08/2026 16:15
60ae7406-397e-4597-a004-37cf3d7fd8eb,smoggy.in,available,7.95,7.95,medium,low,6,namesilo,,,10/09/2026 11:52
398516d8-d645-449c-8af1-0169d3d5de2e,tasselled.in,available,7.95,7.95,medium,low,9,namesilo,,,11/09/2026 08:58
58235966-19cc-41f8-823f-7ad381644b0c,devoting.in,available,9.98,11.98,medium,low,8,namecheap,,,17/09/2026 17:04
729960ca-239b-4336-8dda-fa2580f0482b,ebooks.in,resell,,,medium,low,6,"Spaceship, Inc.",16/02/2005 06:35,16/02/2027 06:35,26/09/2026 05:45
417c04bf-52e8-4c96-9058-2d9edeea26f4,peccable.in,available,7.95,7.95,low,low,8,namesilo,,,08/09/2026 11:30
2a35ec68-2760-4c26-861c-0456f5926d21,gettysburg.in,available,7.95,7.95,medium,low,10,namesilo,,,22/09/2026 15:05
31c56e9a-4599-4198-94d3-62d6ace03600,rudderfish.in,available,7.95,7.95,medium,low,10,namesilo,,,22/09/2026 01:07
70f0fffb-92a1-4b49-b80a-4469d7ff26f4,austral.in,available,7.95,7.95,medium,low,7,namesilo,,,07/08/2026 18:26
4d7db3bb-61ec-4e21-b04d-f6df0d094839,playground.in,resell,,,high,medium,10,,,,28/09/2026 02:56
8327be14-10b1-4f0e-962f-63f6348486e8,confusion.in,resell,,,high,low,9,S.G.S. Technologie Pvt Ltd dba Netandhost.com,02/03/2005 14:02,02/03/2027 14:02,29/09/2026 10:55
897c784a-e90e-41ac-a7b4-dade687ee992,queue.in,resell,,,high,low,5,,,,01/10/2026 03:23
72487e13-072e-4f19-bd9a-acf6864e08a4,defends.in,available,5.97,5.97,low,low,7,spaceship,,,02/10/2026 02:36
fa294fc5-ba15-44cf-bce3-314c8e14e10c,dissident.in,available,7.95,7.95,medium,low,9,namesilo,,,14/08/2026 12:30
dbe0b7f7-6f75-44dc-8f6c-b83ae7f3ead8,rubicund.in,available,9.98,11.98,high,medium,8,namecheap,,,09/09/2026 19:17
7146ef61-8fc6-4429-b31c-323be115df6d,centroidal.in,available,7.95,7.95,medium,low,10,namesilo,,,12/08/2026 00:18
0db3f997-11d4-4056-8302-2cc1932661d6,slippery.in,available,7.95,7.95,medium,low,8,namesilo,,,10/09/2026 11:01
789afdf7-5896-45d4-b589-5f13f18d4bf9,nigerian.in,resell,,,high,low,8,Costrar EOOD,20/02/2026 17:10,20/02/2027 17:10,26/09/2026 07:47
66f5f0db-4b6e-40bf-90d5-04afe32e3f93,reprobate.in,available,7.95,7.95,medium,low,9,namesilo,,,14/08/2026 02:38
8c1c6d5b-5d19-4b46-912b-bb39d3d67d3d,wassermann.in,available,7.95,7.95,medium,low,10,namesilo,,,21/09/2026 03:49
d3cde280-86a6-44c8-9642-f310777bfa37,attired.in,available,7.95,7.95,medium,low,7,namesilo,,,06/08/2026 04:47
04726925-13e6-47c5-b215-b4af6d9b498c,dolomite.in,available,7.95,7.95,medium,low,8,namesilo,,,23/09/2026 23:01
160f8d53-175f-42b7-9dc9-cf220d0d88bf,liturgical.in,available,7.95,7.95,medium,low,10,namesilo,,,24/08/2026 07:40
5fd7af67-1481-41e0-ace5-b9817bef0b82,hawke.in,resell,,,medium,low,5,,,,29/09/2026 15:41
e6114666-4760-4eff-bfab-1aa48d1a1a9a,hostages.in,available,5.97,5.97,medium,low,8,spaceship,,,27/09/2026 11:30
f09abb55-80d8-4310-bf76-889e046704eb,estimating.in,available,7.95,7.95,medium,low,10,namesilo,,,
06e23197-e14c-4d87-bdc4-8a4e26d8d5a7,nonvisual.in,available,9.98,11.98,low,low,9,namecheap,,,03/09/2026 21:06
35f7106c-0915-4b2f-9633-8b91d31ee572,menopausal.in,available,9.98,11.98,medium,low,10,namecheap,,,24/08/2026 20:15
b821540e-7e13-4977-b396-2ec6c8df461a,wizardly.in,available,7.95,7.95,medium,low,8,namesilo,,,24/08/2026 13:02
a04bc5d1-d489-4fc6-af7a-fd5e6fa84e74,affray.in,available,7.95,7.95,medium,low,6,namesilo,,,17/09/2026 14:43
e215dff3-ccbe-4404-9b4f-ad5c60ece7eb,brazenly.in,available,7.95,7.95,medium,low,8,namesilo,,,14/09/2026 01:24
b09fa467-b79a-4d12-8265-fbbbb53ac4da,alienism.in,available,7.95,7.95,medium,low,8,namesilo,,,18/09/2026 07:34
6f4883f0-9d01-40e1-bb36-225b6baa43bb,columnar.in,available,9.98,11.98,medium,low,8,namecheap,,,12/08/2026 18:14
d244db75-f523-4c4b-8f65-c294f2c7cd68,enacted.in,available,7.95,7.95,medium,low,7,namesilo,,,01/10/2026 15:52
ce104bbd-c6f0-4f6d-9f01-4a9231bf728c,whenever.in,resell,,,medium,low,8,Suryanandan.net,10/12/2016 20:00,10/12/2026 20:00,26/09/2026 10:08
e08e57be-8541-4cfc-8431-038f815c3bac,stupe.in,available,7.95,7.95,low,low,5,namesilo,,,10/09/2026 23:06
5cce1b31-8ae1-472a-a4f8-b61370b50723,drizzling.in,available,7.95,7.95,medium,low,9,namesilo,,,14/08/2026 19:38
8ab2adaa-bf12-498c-8e5e-ce01d7be4b10,meigs.in,available,7.95,7.95,medium,low,5,namesilo,,,30/09/2026 05:37
fb896ddd-12b3-4703-999c-ae152c63c138,enable.in,resell,,,high,low,6,Epik LLC,16/02/2005 06:32,16/02/2027 06:32,30/09/2026 19:00
aacd6769-7d42-4d34-b619-59c4c1aeb8f1,anglicans.in,available,5.97,5.97,medium,low,9,spaceship,,,01/10/2026 17:55
21ed853f-10d8-4a73-9659-e293d74eee1a,aniline.in,available,7.95,7.95,high,low,7,namesilo,,,18/09/2026 21:45
448d2d35-ec12-4796-943b-aff09daa2afc,syndetic.in,available,7.95,7.95,medium,low,8,namesilo,,,11/09/2026 06:23
51df8443-015b-4ad6-a936-800f35f7c3cf,confederation.in,available,7.95,7.95,medium,low,13,namesilo,,,01/10/2026 22:47
84d04159-01bb-4225-8953-37f132990d57,orangish.in,available,7.95,7.95,medium,low,8,namesilo,,,04/09/2026 17:26
5f729884-fd2f-41c5-aec8-2236c2b43172,brewster.in,available,7.95,7.95,medium,low,8,namesilo,,,28/09/2026 11:34
6cb0b511-60a7-40d0-a317-42b704c465f1,deejay.in,resell,,,high,low,6,"Dynadot, LLC",21/11/2012 20:02,21/11/2030 20:02,01/10/2026 18:26
df7ccb7d-373c-4479-8a5a-dc8ac55dc70e,seizing.in,available,9.98,11.98,medium,low,7,namecheap,,,30/09/2026 18:24
7d9ff214-7b9b-411b-a521-359eb1224f93,prosecuted.in,available,5.97,5.97,low,low,10,spaceship,,,29/09/2026 17:43
12ec53cd-0dc0-44d5-9f1d-63569cabd162,arenaria.in,available,7.95,7.95,medium,low,8,namesilo,,,20/09/2026 03:39
cb33572d-0db9-4b88-a4a2-2f3a15036b44,attilio.in,available,7.95,7.95,medium,low,7,namesilo,,,21/09/2026 01:49
ec3f0a9d-a314-4f9a-9a02-ab099d2427b4,coleoptera.in,available,7.95,7.95,medium,low,10,namesilo,,,02/10/2026 04:24
8f5010de-0aca-4b46-a101-8ee91be755e0,arcsin.in,available,7.95,7.95,medium,low,6,namesilo,,,20/09/2026 01:26
d588ef78-caa4-4dd9-8da8-7c0243c3ef0f,articles.in,resell,,,high,low,8,,,,28/09/2026 04:25
1d5d60d7-ce48-4d14-a144-8409f3bb476f,fallible.in,available,9.98,11.98,medium,low,8,namecheap,,,17/08/2026 21:30
a13e4ddc-c2ce-4be1-a261-a82f784a3262,assaulted.in,available,5.97,5.97,low,low,9,spaceship,,,28/09/2026 18:18
fd0dae9b-da1f-4ab1-94e2-529e810b1a58,initiator.in,available,7.95,7.95,high,low,9,namesilo,,,29/09/2026 13:07
def31c69-5c11-4d80-b52a-f55032f50149,antakya.in,available,9.98,11.98,medium,low,7,namecheap,,,19/09/2026 12:30
90abacac-9673-457d-85be-6a7dba2fd8c5,potbelly.in,available,7.95,7.95,medium,low,8,namesilo,,,22/09/2026 17:43
b2455357-366f-42d5-83be-61c259b2b0cd,misleading.in,available,7.95,7.95,medium,low,10,namesilo,,,25/08/2026 01:34
453ee869-6588-4c62-bd40-992d22123102,noticeably.in,available,7.95,7.95,medium,low,10,namesilo,,,15/09/2026 16:56
7f53c825-e42d-4185-9173-8d57e3615db2,alces.in,available,7.95,7.95,medium,low,5,namesilo,,,18/09/2026 03:55
f725123d-6fe0-4ca3-a7f9-2c7426c8589f,blues.in,resell,,,high,low,5,"Dynadot, LLC",01/05/2012 20:00,01/05/2031 20:00,29/09/2026 03:01
ea4fda21-ef55-4246-bc33-98a8973162da,surrounded.in,available,7.95,7.95,medium,low,10,namesilo,,,16/08/2026 22:16
1aa59fcd-c5c6-49ba-b4dd-f318dd8644ed,novosibirsk.in,available,7.95,7.95,medium,low,11,namesilo,,,30/09/2026 05:10
75e73c51-2663-45d4-a056-407e6f2018bd,andalusian.in,available,7.95,7.95,medium,low,10,namesilo,,,
32d0f482-149c-4d10-80a1-fb537613423d,lincolnshire.in,available,5.97,5.97,medium,low,12,spaceship,,,28/09/2026 11:48
231f14dd-d8c6-4737-8a8c-e166d57746f2,idler.in,available,7.95,7.95,medium,low,5,namesilo,,,14/08/2026 14:10
403f0e11-906c-4123-a69d-d9e64b8c6be6,unbelievable.in,resell,,,high,low,12,,,,28/09/2026 07:08
3619254f-179b-44a3-87c1-7d6a6261a964,replacing.in,available,6.25,6.25,medium,low,9,dynadot,,,29/09/2026 02:02
a93a21ef-e853-4910-b966-c2d8666a5f2f,enigma.in,resell,,,high,high,6,,,,01/10/2026 18:47
7cfc79e9-f675-40e9-83c6-cf32ab00c9a7,meade.in,available,7.95,7.95,high,low,5,namesilo,,,27/09/2026 04:12
c305d74a-f5c2-4a2f-8465-3122296eb256,standardize.in,available,5.97,5.97,high,low,11,spaceship,,,01/10/2026 23:03
fd6d07ed-4a17-481b-b434-4af077885ce2,maximizing.in,available,9.98,11.98,high,low,10,namecheap,,,24/08/2026 17:56
688537b3-2e96-4fa5-9f66-c32ce8b75bfe,fading.in,available,9.98,11.98,medium,low,6,namecheap,,,21/09/2026 01:33
267597d5-74ed-4097-b286-51b3003dc113,balladeer.in,available,7.95,7.95,medium,low,9,namesilo,,,21/09/2026 22:45
dfd0c172-8e34-402f-8cba-222328b02673,sourish.in,available,7.95,7.95,medium,low,7,namesilo,,,22/08/2026 23:29
374c6823-f03b-4396-8e6c-8ac08cf7a21c,infiltrate.in,resell,,,high,low,10,,,,29/09/2026 20:43
ede1eeb5-edef-4c37-a43f-a43e0569b61a,climbs.in,available,5.97,5.97,medium,low,6,spaceship,,,30/09/2026 15:59
bae224f0-54f0-4ca1-835c-0d7984b2127c,argentine.in,available,,,high,high,9,,,,
675b4842-4aa4-4329-acd3-34e940405af2,cautious.in,resell,,,high,low,8,NIXI Holding Account,29/03/2016 20:01,29/03/2027 20:01,26/09/2026 04:49
303f3bd3-82f6-4925-9325-4c01d12f0629,exchange.in,resell,,,high,low,8,"Dynadot, LLC",02/05/2015 20:01,02/05/2031 20:01,30/09/2026 13:42
2a7babe1-2782-4edd-9e9e-4e8c07ee12fc,civilized.in,available,7.95,7.95,high,low,9,namesilo,,,12/08/2026 09:06
a32d1ead-cfc0-44d9-992d-e8ff1c342304,murillo.in,available,7.95,7.95,medium,low,7,namesilo,,,22/09/2026 09:24
853ed51e-d5a7-44ba-9562-02791b4fa607,demented.in,available,7.95,7.95,medium,low,8,namesilo,,,11/08/2026 01:46
0cfddc8f-ef0c-494f-9289-4e86d5a43c9a,cambodian.in,available,7.95,7.95,high,low,9,namesilo,,,11/08/2026 15:40
53d6d52d-0828-43de-bf8a-fca8c71f424c,irascible.in,available,7.95,7.95,medium,low,9,namesilo,,,21/08/2026 14:18
abe321f3-d7f7-442a-9fa5-e7f2ed868664,halves.in,available,7.95,7.95,medium,low,6,namesilo,,,30/09/2026 05:54
1da19f3e-f508-4855-82ce-2721658d857b,frontward.in,available,7.95,7.95,medium,low,9,namesilo,,,18/08/2026 12:50
920eadd1-3dfb-4dfa-9ae1-68d403c82478,defection.in,available,9.98,11.98,medium,low,9,namecheap,,,19/09/2026 19:16
2aa55d4b-66af-4523-9ad5-9cadd7318376,aventail.in,available,7.95,7.95,medium,low,8,namesilo,,,21/09/2026 09:05
aedd694e-3c97-4e58-90ae-9b6b9c079929,earhart.in,available,9.98,11.98,medium,low,7,namecheap,,,18/09/2026 18:17
ce02f30a-bb3b-4c3d-bcab-160043526dd8,peaty.in,available,7.95,7.95,medium,low,5,namesilo,,,08/09/2026 11:28
2710982e-94e1-49fa-a4f1-fe2d66edb904,temptable.in,available,7.95,7.95,medium,low,9,namesilo,,,11/09/2026 11:04
d9c736a2-efef-4a3a-9704-2089075a9eb4,reacts.in,available,5.97,5.97,medium,low,6,spaceship,,,01/10/2026 18:32
c87a59e9-bfcc-41ce-8e6c-4453591597ef,dodgy.in,available,7.95,7.95,medium,low,5,namesilo,,,12/08/2026 01:46
2e086c21-ab83-4d6d-8b2f-1b98b995ac16,damning.in,available,,,medium,low,7,,,,13/08/2026 16:33
bf6076c4-4918-4274-960d-5a9bb0f5e283,dissenter.in,available,7.95,7.95,medium,low,9,namesilo,,,14/08/2026 12:39
bf2b3b77-3261-4fb7-a90f-f08650f0d414,submissive.in,available,7.95,7.95,medium,low,10,namesilo,,,11/09/2026 00:25
1aca34a2-c830-47f0-8391-431d2abb99f2,shulman.in,available,7.95,7.95,medium,low,7,namesilo,,,01/10/2026 11:19
b49fe70e-43e4-4760-95f5-7f529e432c87,tilefish.in,available,7.95,7.95,medium,low,8,namesilo,,,24/09/2026 04:04
61c55895-48f8-4d1c-a5a4-a8a31a7c5c79,anopheles.in,available,7.95,7.95,medium,low,9,namesilo,,,19/09/2026 11:39
663d3d51-4822-4df3-bf28-fe42a5ae9d7c,monocled.in,available,7.95,7.95,medium,low,8,namesilo,,,09/08/2026 17:15
b2495b68-8999-4d6a-9e94-5f2cf94700f1,anaglyph.in,available,7.95,7.95,medium,low,8,namesilo,,,19/09/2026 01:21
cfa65f10-5f00-4e65-9aaa-db6b525d2802,poulet.in,available,7.95,7.95,medium,low,6,namesilo,,,12/08/2026 04:55
601e1726-7ba1-492f-b9a8-650339f81789,obliterate.in,available,7.95,7.95,medium,low,10,namesilo,,,10/08/2026 15:34
710c7ff7-cc43-42c0-b79b-8bab28e23c86,bleeder.in,available,9.98,11.98,medium,low,7,namecheap,,,24/09/2026 05:24
6444ac27-7fe0-403f-9c53-05bc427602c9,allelic.in,available,,,medium,low,7,,,,
ca62c970-23cd-4c9b-a6a0-9b465000657f,rhianna.in,available,7.95,7.95,high,low,7,namesilo,,,
1c9243a4-96f5-4dfe-9a64-1a82d1a532d4,duplicity.in,available,7.95,7.95,medium,low,9,namesilo,,,14/08/2026 16:52
45913649-9124-494b-9632-c78f4639bccd,bellbird.in,available,7.95,7.95,medium,low,8,namesilo,,,23/09/2026 05:55
a4ffa096-be98-47f2-9165-3395071fe7df,dastardly.in,available,,,medium,low,9,,,,13/08/2026 18:31
c7005ca1-1672-445b-b6a2-8764c6ef6305,waite.in,available,5.97,5.97,medium,low,5,spaceship,,,28/09/2026 19:55
79ae8c69-53a8-415a-b0df-8fe6984252a5,sonoran.in,available,7.95,7.95,high,low,7,namesilo,,,01/10/2026 23:36
37b69b33-4c92-4ad2-8f00-30e72132a1bf,ballard.in,available,7.95,7.95,medium,low,7,namesilo,,,29/09/2026 22:22
d943dbd1-ab1d-4031-8253-01a2127ccb29,syllabled.in,available,7.95,7.95,medium,low,9,namesilo,,,11/09/2026 06:00
963ee578-61d5-4549-b297-1642f0ecbcb3,patterned.in,available,7.95,7.95,medium,low,9,namesilo,,,08/09/2026 10:49
74f907d9-1354-49e9-ab67-055a48f2ed86,bordello.in,available,9.98,11.98,medium,low,8,namecheap,,,21/09/2026 18:17
1b5bb544-d526-4c31-8555-710da5a0e0c8,sweetened.in,available,7.95,7.95,medium,low,9,namesilo,,,11/09/2026 01:18
ec3ecd5a-0c6b-4b0a-84c9-0a008e7613d2,mackerel.in,resell,,,high,low,8,,,,02/10/2026 05:41
c85eb200-2cab-4812-bac8-1f2067c8e91f,firewood.in,resell,,,high,low,8,,,,30/09/2026 01:38
a7626920-661a-44a6-8265-32778ad32cd5,gruesome.in,available,7.95,7.95,medium,low,8,namesilo,,,18/08/2026 23:17
46f23d62-b251-45eb-bffa-a9c08cf9ffe0,endocrinal.in,available,7.95,7.95,medium,low,10,namesilo,,,17/08/2026 01:02
e4bdc39c-676e-4b32-9d1f-f90bb48783d6,flakey.in,available,7.95,7.95,medium,low,6,namesilo,,,10/08/2026 10:22
f99d1986-bd2b-4754-86f9-cb8f925150a0,comprise.in,resell,,,high,low,8,"Dynadot, LLC",18/05/2018 20:05,18/05/2027 20:05,30/09/2026 17:37
7c17d93b-ce11-43b9-993b-64acd07b91c4,viviparous.in,available,7.95,7.95,medium,low,10,namesilo,,,24/08/2026 07:53
53409871-dcad-4899-9707-45455b9669b1,islington.in,available,5.97,5.97,medium,low,9,spaceship,,,30/09/2026 04:50
97aba37b-ab0b-457f-9631-99063319ff87,alcahest.in,available,7.95,7.95,medium,low,8,namesilo,,,18/09/2026 03:43
8870da6f-86fe-471e-a9fe-824eb40d8212,slavish.in,available,7.95,7.95,medium,low,7,namesilo,,,10/09/2026 10:38
3a8ce120-2a55-4577-b6f0-69df12339505,semiotical.in,available,7.95,7.95,medium,low,10,namesilo,,,10/09/2026 03:15
cb93661b-2fcf-4765-b4d6-707f27da3989,projected.in,available,7.95,7.95,medium,low,9,namesilo,,,22/08/2026 14:46
75d6a1c3-3306-46ee-b481-a1814bfc714b,jointed.in,available,7.95,7.95,medium,low,7,namesilo,,,22/08/2026 13:44
4fbcb7d1-ad43-4301-bab5-8a1aa4b5e69c,reassigned.in,available,5.97,5.97,medium,low,10,spaceship,,,30/09/2026 16:25
6405cedb-c7fd-4292-a92f-916ceab17b3b,amerind.in,available,7.95,7.95,medium,low,7,namesilo,,,
53c05142-8a41-4f9b-977c-9de9f40d281e,allemande.in,available,7.95,7.95,medium,low,9,namesilo,,,18/09/2026 10:46
97a5f877-39e2-4050-baf4-3fe06ee5ee76,onionsk.in,available,7.95,7.95,medium,low,9,namesilo,,,18/08/2026 08:17
97571e57-d50c-46a7-896c-1192d1ad7128,burglary.in,available,6.26,6.26,medium,low,8,dynadot,,,29/09/2026 00:17
f4e592e8-e7e6-4bb3-96ae-cbbc1093ab41,anthrax.in,available,9.98,11.98,medium,low,7,namecheap,,,19/09/2026 13:52
43fe1ebe-1b0d-48f3-a404-542608d2e7a8,housman.in,available,7.95,7.95,medium,low,7,namesilo,,,16/09/2026 12:57
53a6afef-1322-4027-803e-2e7cd940bd8d,antenatal.in,available,7.95,7.95,medium,low,9,namesilo,,,22/09/2026 05:59
6ab274ab-acce-4179-b855-ed49ba46081d,confiding.in,available,7.95,7.95,high,low,9,namesilo,,,12/08/2026 20:45
1845c85f-7687-4467-a801-73e7a60df4d2,figurative.in,available,9.98,11.98,medium,low,10,namecheap,,,19/09/2026 14:22
faf9e0e9-38ab-43ba-b009-98afd5ac76bf,dogsit.in,available,7.95,7.95,high,low,6,namesilo,,,
4d3ce47f-8dd6-4a59-a12d-6b17a470baa3,contiguous.in,available,7.95,7.95,medium,low,10,namesilo,,,12/08/2026 23:11
202cee39-c13d-4a7f-9e8f-19e4e914a4ce,hierarchic.in,available,7.95,7.95,medium,low,10,namesilo,,,21/08/2026 08:20
ae3fb090-9fd2-4048-b8e3-55a8d124f04e,tao.in,resell,,,high,low,3,"Spaceship, Inc.",16/02/2005 07:53,16/02/2027 07:53,26/09/2026 09:30
2cdff43f-d07f-409b-bf7c-c14483d262c7,clxxv.in,available,7.95,7.95,medium,low,5,namesilo,,,
61100509-a55b-470e-8553-df4081ad84dc,gogh.in,available,5.97,5.97,medium,low,4,spaceship,,,28/09/2026 19:21
b7edb945-3d1c-4e2c-bd20-33f2f12a4b45,shaper.in,resell,,,high,low,6,"Dynadot, LLC",23/06/2015 20:04,23/06/2027 20:04,30/09/2026 03:43
6bbb2166-a27f-4960-ade8-bb66415cc4e5,columella.in,available,7.95,7.95,medium,low,9,namesilo,,,30/09/2026 09:13
181c2c8b-09c7-483d-8b51-e2761f8ed4ba,uveal.in,available,7.95,7.95,medium,low,5,namesilo,,,13/09/2026 00:22
02759d64-c23d-41aa-988d-6c35f8390a28,angostura.in,available,7.95,7.95,medium,low,9,namesilo,,,19/09/2026 07:08
c659bdf9-d092-4c09-bf02-77507542c7b5,baleful.in,available,7.95,7.95,medium,low,7,namesilo,,,08/08/2026 09:39
4f9f12ed-2805-4247-9fb6-6887481a16c7,antipodal.in,available,7.95,7.95,medium,low,9,namesilo,,,
ae9b45e8-d60d-4769-98eb-b20bd9baf2b8,mournfully.in,available,7.95,7.95,low,low,10,namesilo,,,15/09/2026 15:33
3f9f34b1-0dd7-4a4b-a2ff-eddaf36d2954,indignant.in,available,7.95,7.95,medium,low,9,namesilo,,,22/08/2026 00:59
4e1b15aa-b7ff-4343-a1c4-fade1c7d0b0a,summer.in,resell,,,high,low,6,,,,27/09/2026 05:34
c13acf5b-7a44-4dfd-875e-860d2befafa2,rawlins.in,available,5.97,5.97,medium,low,7,spaceship,,,01/10/2026 12:10
2fb409d2-6e1c-470a-b07f-6f4edc893f71,throws.in,resell,,,medium,low,6,GoDaddy,30/08/2013 22:16,30/08/2027 22:16,26/09/2026 09:37
a523e814-92a7-4c3c-8fa7-daded8f55f24,roughdried.in,available,9.98,11.98,high,medium,10,namecheap,,,09/09/2026 18:59
69168a3b-1e86-4fac-a7ff-e5036b1813b3,secrecy.in,available,7.95,7.95,high,low,7,namesilo,,,24/09/2026 17:03
421d05ec-16e8-4bfa-9b54-40dae92b0fef,dighted.in,available,7.95,7.95,low,low,7,namesilo,,,14/08/2026 07:17
d7f0b98d-09d7-4de2-a7fe-0038b9ae4451,katherine.in,available,7.95,7.95,high,low,9,namesilo,,,28/09/2026 03:49
06a38b65-0f5b-4402-81ac-0e77f195f09f,pycnotic.in,available,7.95,7.95,high,medium,8,namesilo,,,09/09/2026 06:51
1fa23862-036e-4ba7-8c95-a87a2941613d,roderick.in,available,9.98,11.98,medium,low,8,namecheap,,,28/09/2026 07:48
4d8e643a-e2cc-4b08-98c7-a0c4ab1dbb47,negotiating.in,resell,,,medium,low,11,,,,29/09/2026 00:06
2ce66097-e17a-4236-b8e7-85df1d0c2096,armies.in,available,7.95,7.95,medium,low,6,namesilo,,,28/09/2026 17:38
2b2db06c-a8da-4701-bb44-e1f783cb9d9a,linearly.in,available,7.95,7.95,medium,low,8,namesilo,,,15/09/2026 12:25
01e6b524-3d52-4d45-a2c7-0bc0cf5b9df5,avoidance.in,available,7.95,7.95,medium,low,9,namesilo,,,21/09/2026 09:49
2fab2bbf-72b8-499c-ba2f-bc9996105b19,nitrous.in,available,7.95,7.95,medium,low,7,namesilo,,,08/08/2026 03:03
df6b8500-f5c8-47d4-a74e-fd8ec75b1808,gooney.in,available,7.95,7.95,medium,low,6,namesilo,,,23/09/2026 23:44
97311b41-ca70-4b9a-b745-1c467a150436,embarrassing.in,available,9.98,11.98,medium,low,12,namecheap,,,27/09/2026 06:37
6bf28491-0a1e-4f5a-8205-275aa098681b,ecuadorian.in,available,7.95,7.95,high,low,10,namesilo,,,22/08/2026 01:40
faafcb5a-31a2-4d7f-b82e-dadb77d2037d,demoted.in,available,9.98,11.98,low,low,7,namecheap,,,21/09/2026 05:02
fe073442-d06e-4135-a227-135eae83ed71,lacrimal.in,available,9.98,11.98,medium,low,8,namecheap,,,22/08/2026 17:57
23ad1d35-e2d5-4795-90d0-5e19933dde2c,pureblood.in,available,7.95,7.95,high,low,9,namesilo,,,08/09/2026 13:00
ed88ffaa-1403-4f6f-8b64-aa84b98c070b,averages.in,available,7.83,7.83,medium,low,8,porkbun,,,01/10/2026 00:38
09e3d92d-2f08-457e-8ccc-c929a67facf6,hampstead.in,available,5.97,5.97,high,low,9,spaceship,,,29/09/2026 03:36
de74b14a-a743-4ceb-8f1d-a7c00950c9f1,grubby.in,available,,,medium,low,6,,,,
9fd02852-d3df-41eb-a9f2-38fe5290eb79,pally.in,available,7.95,7.95,high,low,5,namesilo,,,12/08/2026 07:42
ea8cae74-0a94-4c6c-bbc9-494c3ebad08e,blenny.in,available,9.98,11.98,medium,low,6,namecheap,,,24/09/2026 06:00
9a000a25-91e7-4c69-8e6e-4513e7551738,rente.in,resell,,,medium,low,5,Hosting Concepts B.V. dba Openprovider,04/08/2023 20:01,04/08/2027 20:01,26/09/2026 08:36
26e2892c-cbd1-474e-b783-4d82ee27fe3f,araguaia.in,available,7.95,7.95,medium,low,8,namesilo,,,19/09/2026 23:45
d92d1c18-fb27-4d2e-8fd6-ef543c66ba2d,ageism.in,available,7.95,7.95,medium,low,6,namesilo,,,17/09/2026 16:54
97c55dd7-1db4-446c-a5ca-76470db0f375,bleary.in,available,7.95,7.95,medium,low,6,namesilo,,,10/08/2026 13:59
d34decea-04ab-4f9e-a21a-98eca3b94bb2,linelike.in,available,7.95,7.95,low,low,8,namesilo,,,23/08/2026 15:03
d719f79a-f2e7-4c41-a289-fd3624e61594,unsaved.in,available,9.98,11.98,medium,low,7,namecheap,,,12/09/2026 17:57
37df028a-7d67-42b6-b853-a854891a11fc,sudsy.in,available,9.98,11.98,medium,low,5,namecheap,,,22/08/2026 20:37
c8ac11e9-cb27-4dcd-a128-c98dafd0e184,negroes.in,available,5.97,5.97,low,low,7,spaceship,,,30/09/2026 23:48
b5d98e0b-4557-4185-bafa-e8813613f8cf,beriberi.in,available,7.95,7.95,medium,low,8,namesilo,,,23/09/2026 09:23
65b80d9e-90b3-4ee9-91ea-d8405e47611b,dunlap.in,available,7.95,7.95,medium,low,6,namesilo,,,28/09/2026 12:20
ee715cc1-7906-4a80-84a5-35257be22339,moriarty.in,available,5.97,5.97,medium,low,8,spaceship,,,30/09/2026 13:37
efb29904-77e8-4e83-99b1-3c69985acbc2,inducive.in,available,7.95,7.95,medium,low,8,namesilo,,,22/08/2026 03:31
1b5f1b7d-90a9-456a-bf13-496ef8cfc972,wakeless.in,available,7.95,7.95,low,low,8,namesilo,,,13/09/2026 07:45
162caefa-32b6-48c2-9c5b-676e748f87d4,kirkwood.in,available,5.97,5.97,medium,low,8,spaceship,,,29/09/2026 10:55
04e1e7c5-6182-4cd9-88b1-6548988b88b7,turndown.in,available,7.95,7.95,medium,low,9,namesilo,,,
58f05fcd-c67e-40d2-9573-5e3f1497e61f,stoneless.in,available,9.98,11.98,low,low,9,namecheap,,,10/09/2026 21:12
ae4b2144-c75d-4b00-8aa5-301f0c23d35f,niggers.in,available,7.95,7.95,low,low,7,namesilo,,,16/09/2026 14:20
a19fa059-37c4-4dec-800c-2a9c65579462,felted.in,available,7.95,7.95,medium,low,6,namesilo,,,18/08/2026 01:00
4e14636e-0c91-472a-a3de-d4fed54aca03,kvetch.in,available,7.95,7.95,medium,low,6,namesilo,,,08/09/2026 20:36
987c4bbd-e2e3-4916-be64-22e2ad5e60ca,baseplate.in,available,7.95,7.95,medium,low,10,namesilo,,,
aee66763-5357-4254-90a6-ec032bbed2fc,debauched.in,available,,,medium,low,9,,,,13/08/2026 20:14
1b92239b-5195-4fac-b9cf-28fd782a419d,exhusband.in,available,7.95,7.95,medium,low,10,namesilo,,,17/08/2026 15:21
7dc7084c-8929-4ef6-925c-06e1e536ca75,acrolein.in,available,7.95,7.95,medium,low,8,namesilo,,,17/09/2026 03:46
181f28eb-8bef-4d07-9935-1c86afd00869,rations.in,available,9.98,11.98,medium,low,7,namecheap,,,30/09/2026 06:27
67849fbc-5a44-446a-8849-768c25e06d15,pulling.in,available,7.95,7.95,medium,low,7,namesilo,,,25/09/2026 10:11
7aa61905-d325-444e-9942-8d742ea039ff,surry.in,available,9.98,11.98,medium,low,5,namecheap,,,01/10/2026 23:31
e931f98e-e23d-4eb1-b599-484cdcaf691c,insurable.in,resell,,,medium,low,9,"Dynadot, LLC",15/05/2018 14:22,15/05/2027 14:22,26/09/2026 06:54
76a4af8d-0a45-4499-be7a-9f93d5979f0d,ruggles.in,available,5.97,5.97,medium,low,7,spaceship,,,01/10/2026 10:32
6ce6ddb8-43be-49f9-b2e9-4c014878d7a2,shouting.in,available,7.95,7.95,medium,low,8,namesilo,,,12/08/2026 03:49
c8b3abca-36b7-4f09-b3f7-ef341bf11e29,usefulness.in,available,5.97,5.97,high,low,10,spaceship,,,30/09/2026 19:05
3098a7fc-51c0-4f2e-ab10-c943e7e95947,calendric.in,available,7.95,7.95,medium,low,9,namesilo,,,11/08/2026 14:14
b01bc052-3146-4a24-b4e3-1ce097a9a2e0,carols.in,available,9.98,11.98,medium,low,6,namecheap,,,17/09/2026 18:54
ef8d4197-2334-4b63-9ba2-ab26b65626f1,pds.in,resell,,,high,low,3,,,,01/10/2026 01:00
7a1e4043-b958-4cad-8136-d640d4982c30,mongoloid.in,available,7.95,7.95,medium,low,9,namesilo,,,25/08/2026 04:49
2ac70d73-a81e-42d1-bfcb-b956ddd23de8,done.in,resell,,,high,low,4,"Dynadot, LLC",28/11/2023 20:00,28/11/2026 20:00,26/09/2026 05:39
08ae2786-5c84-4018-bdf7-6a8020180f05,shelvy.in,available,7.95,7.95,high,medium,6,namesilo,,,09/09/2026 12:30
37046ba5-3a6c-4648-acda-52e9849727ef,anticipating.in,available,7.95,7.95,medium,low,12,namesilo,,,02/10/2026 02:52
b58d9afe-4ae6-40ef-80b3-93e5d7c0e46a,boulogne.in,available,7.95,7.95,medium,low,8,namesilo,,,29/09/2026 09:58
4949cc58-4bb6-4474-b52e-34d947e4aa41,astounding.in,available,7.95,7.95,high,low,10,namesilo,,,22/09/2026 10:29
8c6c354d-7fe1-4d04-a1e6-dff06c88b0a1,louche.in,available,7.95,7.95,medium,low,6,namesilo,,,24/08/2026 10:02
67e3a72b-1ea7-4155-a8cd-e0814098b000,prereq.in,available,5.97,5.97,medium,low,6,spaceship,,,30/09/2026 20:25
d0a46964-8a6f-4963-acc7-fbedadbeed3b,braky.in,available,7.95,7.95,low,low,5,namesilo,,,11/08/2026 01:57
bd55d8ab-ff0d-4a17-9310-7ccfb978098f,subic.in,available,5.97,5.97,medium,low,5,spaceship,,,02/10/2026 01:16
f7b606b8-b542-401b-ad4a-d3d951d09013,eyck.in,available,5.97,5.97,medium,low,4,spaceship,,,01/10/2026 19:31
1a997d8d-533d-42e2-804f-6024db3baf63,encoded.in,resell,,,medium,low,7,,,,30/09/2026 14:32
18bc5d5c-276c-4171-8a82-8483f68e0627,montenegrin.in,available,5.97,5.97,high,low,11,spaceship,,,29/09/2026 21:21
f7694607-bcd7-43e7-8133-609d29b1fae8,autochthon.in,available,9.98,11.98,medium,low,10,namecheap,,,21/09/2026 06:02
ecfc2d1a-1101-4382-acc7-233fd8dc50fc,retrovir.in,available,9.98,11.98,medium,low,8,namecheap,,,21/09/2026 11:31
b3d63a4f-4f2f-4b85-80d5-8e602ba3a669,converges.in,available,7.95,7.95,medium,low,9,namesilo,,,29/09/2026 11:40
26ee4bad-eaae-415a-93da-d4d556089f04,suppress.in,available,5.97,5.97,medium,low,8,spaceship,,,29/09/2026 00:32
deed84ba-2f0a-4993-806f-07e7c6f7c013,berks.in,available,7.95,7.95,medium,low,5,namesilo,,,29/09/2026 15:22
cbb2633c-22d4-4793-bdf9-272b76bb22eb,holliday.in,available,7.83,7.83,medium,low,8,porkbun,,,29/09/2026 04:32
2d2e1e50-3816-4250-92ad-62bb76d97116,analects.in,available,7.95,7.95,medium,low,8,namesilo,,,19/09/2026 01:48
faf86945-0b52-4453-b8d4-91c8d45cfc32,usaf.in,available,9.98,11.98,medium,low,4,namecheap,,,25/09/2026 10:56
dae99a2d-eb8e-4524-9dc2-8385a41d0a90,zdv.in,resell,,,medium,low,3,"Dynadot, LLC",25/09/2025 23:23,25/09/2027 23:23,26/09/2026 10:16
bd0f87f8-5c02-4256-adfc-2d3dc4bf19fe,tangibly.in,available,7.95,7.95,medium,low,8,namesilo,,,16/09/2026 07:54
a2c4295d-8d71-44f3-aa79-4a641f6bd0aa,tailored.in,resell,,,medium,low,8,Hosting Concepts B.V. dba Openprovider,26/02/2011 15:08,26/02/2027 15:08,26/09/2026 09:29
d5f1c56c-4dc8-4df2-9d94-b5b0cdfbb4a4,cellar.in,resell,,,high,low,6,#1 Indian Domains dba Mitsu.in,25/06/2009 15:09,25/06/2027 15:09,26/09/2026 04:49
c18fec6d-5274-4350-9565-9ae193faef7d,abstractly.in,available,7.95,7.95,medium,low,10,namesilo,,,13/09/2026 16:42
27bd8b7f-8289-4393-aa4e-52c3067fee42,agamic.in,available,7.95,7.95,medium,low,6,namesilo,,,
0829c955-049b-4190-98a5-9e45d9c2e1a1,cytotoxic.in,available,,,medium,low,9,,,,13/08/2026 14:44
8f5f5786-cc7e-4a05-ad72-8433974f671f,rutland.in,available,7.95,7.95,medium,low,7,namesilo,,,27/09/2026 05:16
4b078287-f422-43e9-80d5-87d8a988ff94,sinuate.in,available,7.95,7.95,medium,low,7,namesilo,,,10/09/2026 08:36
66e40625-cc95-4a12-ae47-8e5028c440ac,parasitic.in,available,7.95,7.95,medium,low,9,namesilo,,,17/08/2026 10:15
0fe58562-bd4b-4b79-8328-eb8432e076f2,cristobal.in,available,9.98,11.98,medium,low,9,namecheap,,,30/09/2026 20:55
3eaf7638-cd87-4cd4-b00b-02e56eacb0fe,cosy.in,resell,,,high,low,4,"Dynadot, LLC",02/06/2023 20:00,02/06/2027 20:00,26/09/2026 05:16
c0a53cc3-c2a9-49a2-8a59-70ad61e9311e,sheboygan.in,available,5.97,5.97,high,low,9,spaceship,,,30/09/2026 05:39
a5fc052a-9a54-47c6-ada4-3f9c2a0fa5a5,belittling.in,available,7.95,7.95,medium,low,10,namesilo,,,09/08/2026 13:10
5bb2b110-6b94-4d1d-816f-331c96c36d22,galling.in,available,7.95,7.95,medium,low,7,namesilo,,,
6071e694-15d6-43b8-a557-1f978aea83b0,enatic.in,available,7.95,7.95,medium,low,6,namesilo,,,16/08/2026 21:20
148da8d2-4d01-4e5a-8b4b-53df2a310700,restfully.in,available,7.95,7.95,medium,low,9,namesilo,,,15/09/2026 23:24
893698d5-1a7f-4e41-8522-b2e711c4f32b,dividable.in,available,7.95,7.95,medium,low,9,namesilo,,,14/08/2026 13:41
776b2d11-6576-4afc-aaf8-c88b5fcfc9e0,huntingdon.in,available,6.26,6.26,medium,low,10,dynadot,,,28/09/2026 17:57
cacd719a-d60a-4bb4-a967-56c16fddc551,cavernous.in,available,7.95,7.95,medium,low,9,namesilo,,,11/08/2026 22:51
e10f1269-11fb-4715-93e2-3da38943dddc,pelosi.in,available,7.83,7.83,medium,low,6,porkbun,,,02/10/2026 03:41
9b15bf6b-3e6c-49cc-9e60-53c9a959c7cf,knavish.in,available,7.95,7.95,medium,low,7,namesilo,,,13/08/2026 04:34
86210705-652d-4ce9-b755-d0a1d097c5ef,albinism.in,available,7.95,7.95,medium,low,8,namesilo,,,18/09/2026 02:54
cca4c0c2-1b93-4fb1-9dc7-edb22c3fecc2,aleppo.in,available,7.95,7.95,high,low,6,namesilo,,,18/09/2026 05:13
ba38a199-fc2c-44db-a129-382c58e40a0e,eloquently.in,available,9.98,11.98,medium,low,10,namecheap,,,13/09/2026 20:54
de4d9f58-7d7f-4383-b1fd-b29a88cb5df1,organizer.in,resell,,,high,low,9,Hosting Concepts B.V. dba Openprovider,16/02/2005 06:36,16/02/2027 06:36,26/09/2026 07:56
7155498f-ad64-4ebf-8f23-2935b71fe57f,circulation.in,resell,,,medium,low,11,,,,28/09/2026 08:15
a7f026bf-4439-4a81-9843-1a450d91b8ad,anopia.in,available,9.98,11.98,medium,low,6,namecheap,,,19/09/2026 11:39
ccfc2ed3-160e-40cc-b6dc-d575e3524655,azonal.in,available,7.95,7.95,medium,low,6,namesilo,,,08/08/2026 02:27
39faa8d7-82ab-4ae2-bd3c-5af786f8d902,culinary.in,resell,,,high,low,8,"Dynadot, LLC",24/11/2009 11:33,24/11/2026 11:33,26/09/2026 05:22
198f265e-4efc-49a9-80a2-bc85cffdf107,apium.in,available,7.95,7.95,medium,low,5,namesilo,,,19/09/2026 17:32
a40b82a3-cc5a-4e26-9415-faa502a6d2af,weighs.in,available,9.98,11.98,low,low,6,namecheap,,,28/09/2026 18:15
a8cdbf87-531c-45de-9a5f-c8b0445392a0,apsidal.in,available,7.95,7.95,medium,low,7,namesilo,,,06/08/2026 10:18
87eb90d3-bde4-49b1-98d9-0279d8930384,snowstorms.in,available,7.95,7.95,low,low,10,namesilo,,,19/09/2026 21:56
906efc4c-4a39-453b-9170-b2a730eb5c81,infuriated.in,available,7.95,7.95,medium,low,10,namesilo,,,
9a1eb808-5f95-4cf7-8f22-8e6f566785ee,uncomplicated.in,available,7.95,7.95,high,low,13,namesilo,,,01/10/2026 22:10
f9d9172b-83c6-41b4-906b-452bb27f9dc8,bartholin.in,available,7.95,7.95,medium,low,9,namesilo,,,22/09/2026 09:14
e650da2f-0ace-4b2f-9456-d7cdfacb4c3f,sponsoring.in,available,6.26,6.26,medium,low,10,dynadot,,,01/10/2026 18:41
a87b9314-fc1a-4998-a2ce-aa489a865a04,flanders.in,resell,,,medium,low,8,,,,30/09/2026 09:38
eeda0f6d-764b-4fd3-a98e-02a7c49962ba,boding.in,available,7.95,7.95,medium,low,6,namesilo,,,18/08/2026 11:34
08134cef-0e84-4b67-b1f0-ff2cb75b0bf7,contemplating.in,available,9.98,11.98,low,low,13,namecheap,,,18/09/2026 04:50
00ceac85-9c25-4d4a-8414-7355546d303c,powerless.in,available,7.95,7.95,high,medium,9,namesilo,,,09/09/2026 00:56
eab1112d-005e-40a2-b57d-2442e12ec70d,disordered.in,available,7.95,7.95,medium,low,10,namesilo,,,14/08/2026 11:18
752b0b0f-63f3-450e-94f1-1259a58ea7e0,beefy.in,available,7.95,7.95,medium,low,5,namesilo,,,09/08/2026 07:49
1001ae44-3b63-4820-be67-57bf71e5a692,enumerable.in,available,7.95,7.95,medium,low,10,namesilo,,,13/08/2026 03:30
c99b6ac1-dc7d-4d27-aa8d-3dca3480fe77,cortlandt.in,available,7.83,7.83,medium,low,9,porkbun,,,30/09/2026 22:25
26ae0a0c-6a24-4659-bf3b-475e0224e61c,bursting.in,resell,,,medium,low,8,,,,30/09/2026 12:02
c79954f1-e66d-4cd7-8a0c-7329312b2267,polygons.in,available,5.97,5.97,medium,low,8,spaceship,,,29/09/2026 17:57
f8255526-9e32-44e8-8da2-50d98cc41ad1,pushchair.in,available,7.95,7.95,medium,low,9,namesilo,,,21/09/2026 13:21
3d079579-3632-41ce-b21d-18e01fd63491,diverging.in,available,7.95,7.95,medium,low,9,namesilo,,,14/08/2026 13:37
7f411a25-866a-4613-a2ac-c042754ef4c1,overactive.in,available,7.95,7.95,medium,low,10,namesilo,,,21/08/2026 16:42
a1cb75eb-60fb-41c6-bbb3-3732dbb0d405,spartacus.in,resell,,,high,low,9,"Dynadot, LLC",21/01/2022 05:27,21/01/2027 05:27,26/09/2026 09:11
84c06ced-b546-4fb4-87a8-9649007e30d8,tapering.in,available,7.95,7.95,medium,low,8,namesilo,,,14/08/2026 21:50
eabf12aa-781c-4c34-83d7-bd188bb3c1af,abruzzi.in,available,7.95,7.95,medium,low,7,namesilo,,,16/09/2026 17:28
0a3b4988-cc36-4398-998c-6f2c52a0fde4,leesburg.in,available,7.95,7.95,medium,low,8,namesilo,,,02/10/2026 00:14
bb04307a-4186-4d77-bad9-91079a484f26,lapsed.in,available,7.95,7.95,medium,low,6,namesilo,,,22/08/2026 19:47
1a24ddde-812b-44e9-b30f-10970224b064,damnably.in,available,,,low,low,8,,,,13/08/2026 16:35
501e4246-0a68-4b27-9073-015bcc9af814,dionysius.in,available,5.97,5.97,medium,low,9,spaceship,,,29/09/2026 06:39
460df1a5-98c8-4af3-a8f6-cc5ffedbc595,asthmatic.in,available,7.95,7.95,medium,low,9,namesilo,,,22/09/2026 10:23
8fd63165-736a-4381-8ea3-6d64bcc65d4e,bigger.in,resell,,,high,low,6,Uniregistrar Corp,28/03/2010 15:24,28/03/2027 15:24,29/09/2026 20:37
fde0912c-3438-4714-adb7-41a6c60241b9,oleaceous.in,available,7.95,7.95,medium,low,9,namesilo,,,04/09/2026 02:06
58fa8839-864a-4152-b2fc-548f15cd20d9,atrial.in,available,7.95,7.95,low,low,6,namesilo,,,07/08/2026 14:24
e8c9b9bb-724e-4824-b1fe-7544fb6f0361,probably.in,resell,,,high,low,8,Uniregistrar Corp,01/06/2009 17:58,01/06/2027 17:58,26/09/2026 08:20
9ab52d00-429c-42ad-849d-733d63094984,anisotropy.in,available,7.95,7.95,medium,low,10,namesilo,,,19/09/2026 09:38
2319024f-45a1-4f79-a31e-0170e760f3e3,genetics.in,resell,,,high,low,8,,,,28/09/2026 19:19
e6758365-d805-467f-828f-65223cac4315,rowland.in,available,7.95,7.95,high,low,7,namesilo,,,25/09/2026 15:13
266efec9-9846-4972-acd7-1d4e1e2471f4,sneezed.in,available,7.95,7.95,low,low,7,namesilo,,,20/09/2026 15:10
5fde43f3-ac4f-4d7c-8648-5e0769fc145c,newcomb.in,available,7.95,7.95,medium,low,7,namesilo,,,29/09/2026 13:33
601b3742-1204-4d08-97a2-9e6b3ee4b8a3,saccadic.in,available,7.95,7.95,high,medium,8,namesilo,,,09/09/2026 20:35
75ace76e-cb82-495b-8728-6690952567d4,staffordshire.in,available,7.95,7.95,medium,low,13,namesilo,,,28/09/2026 11:53
fe953dc5-b5d2-4a8f-9e88-0b867929e3b5,extralegal.in,available,9.98,11.98,medium,low,10,namecheap,,,17/08/2026 19:14
8a08c9db-7b16-4e79-a5a5-bb5a83d77959,collegial.in,available,7.95,7.95,medium,low,9,namesilo,,,12/08/2026 17:06
c2ed8f52-3a46-4682-b5b5-10d30f481011,comose.in,available,9.98,11.98,low,low,6,namecheap,,,12/08/2026 18:22
06455428-316c-49dd-83e8-bd6eaa2f5ced,baikal.in,available,9.98,11.98,high,low,6,namecheap,,,21/09/2026 18:54
9700a76d-0937-40b7-882c-5a8a28b7ff59,sordid.in,available,7.95,7.95,medium,low,6,namesilo,,,10/09/2026 14:29
6b59b2e2-8a27-4977-a90d-b70560f059f1,alabaman.in,available,9.98,11.98,medium,low,8,namecheap,,,18/09/2026 01:35
f6da8831-94a0-48bc-8b4e-faf915776b0b,maneuvering.in,available,9.98,11.98,medium,low,11,namecheap,,,01/10/2026 23:02
32f1625c-dfeb-4cc4-b51e-cd3d197b932b,googler.in,available,5.97,5.97,high,low,7,spaceship,,,01/10/2026 22:14
38cb8459-f302-4d20-88fa-403dab975d21,resentful.in,available,7.95,7.95,medium,low,9,namesilo,,,09/09/2026 14:48
d2e2a5a7-206a-461e-9b92-f375a7d078f7,unrealised.in,available,7.95,7.95,medium,low,10,namesilo,,,12/09/2026 11:02
e4a2b602-a737-4f88-b5e5-fc79f752be74,revelatory.in,available,7.95,7.95,medium,low,10,namesilo,,,06/08/2026 00:55
04b938d7-2b2a-4f39-ae18-5fc72109c638,ludlow.in,available,5.97,5.97,high,low,6,spaceship,,,27/09/2026 23:11
e9e6e010-ddef-4acf-9ddf-2d40d3b23ea7,antiquary.in,available,9.98,11.98,medium,low,9,namecheap,,,
fada401c-facd-4342-863c-52b22058c8e4,resect.in,available,7.95,7.95,medium,low,6,namesilo,,,17/08/2026 15:12
dd7d872f-dad0-43bc-b5b3-8a2ec29f4238,penniless.in,available,7.95,7.95,medium,low,9,namesilo,,,21/08/2026 00:34
56d51d2b-fc5e-47a9-af65-2706ab792a65,earthman.in,available,7.95,7.95,medium,low,8,namesilo,,,11/09/2026 10:45
7acb01b2-6c64-41b4-834c-13b3ba00c524,ibadan.in,available,5.97,5.97,medium,low,6,spaceship,,,30/09/2026 01:55
0f455364-7bfa-4247-a448-6989a2ed6805,quieten.in,available,7.95,7.95,medium,low,7,namesilo,,,11/08/2026 15:02
d3c8eb7e-b353-4774-87d4-1662f580e1a0,tamaulipas.in,available,5.97,5.97,medium,low,10,spaceship,,,30/09/2026 21:17
bb28dda3-8d30-4eab-ad8a-333bfc473938,ciliate.in,available,7.95,7.95,medium,low,7,namesilo,,,12/08/2026 08:06
6b7a8efb-2553-4e10-a29c-eb63dd395b31,pseud.in,available,7.95,7.95,medium,low,5,namesilo,,,09/09/2026 05:04
ebd053a3-817f-4e7e-a36d-b73d31807845,libel.in,available,7.95,7.95,medium,low,5,namesilo,,,02/10/2026 05:37
a59b118b-cbd1-457e-a41f-02ea31aa7954,forbes.in,resell,,,high,low,6,Costrar EOOD,15/07/2026 23:42,15/07/2027 23:42,26/09/2026 06:11
dd9ed76d-3689-464a-90a2-ef9238f140fe,chalky.in,available,7.95,7.95,medium,low,6,namesilo,,,11/08/2026 13:39
05e40cb7-fe53-47b5-9d09-ba78462242ba,spirea.in,available,7.95,7.95,medium,low,6,namesilo,,,20/09/2026 17:27
9e3debb2-c233-4e72-b4d2-2433274db120,cole.in,resell,,,high,low,4,NIXI Holding Account,31/01/2016 20:01,31/01/2027 20:01,26/09/2026 05:06
0ccb7ece-a4de-45f1-a038-3a6fd176bf04,tangential.in,available,7.95,7.95,medium,low,10,namesilo,,,14/08/2026 07:29
89aa201b-f625-4850-a783-fff79b984257,keynes.in,available,7.95,7.95,medium,low,6,namesilo,,,25/09/2026 23:18
469e3973-25c8-4f87-bf5b-4c5fc07b3396,scrunch.in,available,7.95,7.95,medium,low,7,namesilo,,,13/08/2026 07:18
d3e03f41-739e-4740-bb6f-88b390dfd760,trivially.in,available,7.95,7.95,low,low,9,namesilo,,,16/09/2026 09:31
077a78d2-8a23-43a8-94bb-6016c3ea703a,philosophers.in,available,7.95,7.95,medium,low,12,namesilo,,,30/09/2026 14:37
f849f16c-84e8-4b8d-8c3d-5827740d3437,variety.in,resell,,,high,low,7,"Dynadot, LLC",07/04/2011 20:00,07/04/2027 20:00,26/09/2026 09:56
6aa911d8-346d-4209-954e-a62651924f70,singer.in,resell,,,high,low,6,101domain GRS Ltd.,17/02/2005 12:04,17/02/2027 12:04,26/09/2026 09:02
27a32da1-6c40-4e3d-bb1f-9777b7de59f3,saginaw.in,available,9.98,11.98,medium,low,7,namecheap,,,28/09/2026 03:02
c1b0014e-7625-49e5-9ebc-5162dff0558f,valved.in,available,7.95,7.95,medium,low,6,namesilo,,,13/09/2026 01:03
1c1aedaf-91af-48cb-a681-50487ffc8b90,marlow.in,resell,,,high,low,6,,,,30/09/2026 00:14
68c6d78d-5c56-4db4-acf4-b4d0a1454c2d,boot.in,resell,,,high,low,4,Hosting Concepts B.V. dba Openprovider,16/02/2005 06:32,16/02/2027 06:32,29/09/2026 03:39
0fbc3d5c-c09c-4f8e-920b-ce5bca33a71f,unnerving.in,available,7.95,7.95,high,medium,9,namesilo,,,09/09/2026 12:23
18c33a12-32a0-420f-9166-127dfd3c2d85,sloshed.in,available,7.95,7.95,low,low,7,namesilo,,,09/08/2026 15:48
636d0ec1-0abd-48c6-8433-c5c9103e26d9,forcible.in,available,7.95,7.95,medium,low,8,namesilo,,,18/08/2026 11:19
403e6c26-08be-47b1-b2b8-e6125a888a62,biotech.in,resell,,,high,low,7,Hosting Concepts B.V. dba Openprovider,16/02/2005 06:34,16/02/2027 06:34,26/09/2026 04:26
8578c34b-d3e7-4380-9164-a850e46421bc,aqaba.in,available,7.95,7.95,medium,low,5,namesilo,,,17/09/2026 23:49
05fca2dd-301a-4227-8ee4-43649b60cb25,unary.in,available,7.95,7.95,medium,low,5,namesilo,,,12/09/2026 01:06
085f80e1-a9cf-486a-a562-6759e0c86b5d,prc.in,resell,,,high,low,3,GoDaddy,01/05/2015 20:01,01/05/2027 20:01,26/09/2026 08:17
6949bd42-0542-4684-8d2a-cae261a9a5e5,spatulate.in,available,7.95,7.95,high,medium,9,namesilo,,,10/09/2026 15:19
d19f0095-c4ff-4d09-9b16-e5ecd362e0a1,costate.in,available,7.95,7.95,medium,low,7,namesilo,,,13/08/2026 03:06
8ce87196-bc26-4847-9a5d-e821064f81ad,endured.in,available,7.95,7.95,medium,low,7,namesilo,,,29/09/2026 23:57
80c6d1af-c0bc-4a55-9247-13ff1af195ce,repression.in,available,5.97,5.97,medium,low,10,spaceship,,,01/10/2026 03:28
f15b23f1-0a75-4e8f-bdee-d3c2a0f642d6,ionian.in,available,7.95,7.95,high,low,6,namesilo,,,22/08/2026 09:28
da2472d6-661b-464e-a6be-260c54930c04,mosaic.in,resell,,,high,medium,6,1&1 IONOS SE,20/07/2007 23:35,20/07/2027 23:35,26/09/2026 07:38
b134dd32-7107-4616-a93d-61fc373cbc04,politely.in,available,7.83,7.83,medium,low,8,porkbun,,,28/09/2026 14:24
472a5d2a-6231-43ef-b91f-6d0d1283cc01,nijmegen.in,available,6.26,6.26,medium,low,8,dynadot,,,01/10/2026 21:08
8ae4cd00-c9b4-4572-8bda-b109913904c4,nostril.in,available,7.95,7.95,medium,low,7,namesilo,,,19/09/2026 12:54
901aa036-78f2-43bc-a82a-2f0bc692c474,melrose.in,resell,,,medium,low,7,,,,28/09/2026 08:55
212cdfc8-8388-4b4c-89f8-665118e30f6f,batfish.in,available,7.95,7.95,medium,low,7,namesilo,,,22/09/2026 13:14
cd451793-80f7-4174-8cdb-85b9afbb5b4a,tablespoons.in,available,7.95,7.95,medium,low,11,namesilo,,,20/09/2026 10:16
33a29fdf-e0f0-4b3d-b621-d23cfa7173f2,crocked.in,available,7.95,7.95,low,low,7,namesilo,,,09/08/2026 15:34
b374cc33-5876-4651-be13-e6d822eb3a70,canasta.in,available,7.95,7.95,medium,low,7,namesilo,,,22/09/2026 11:16
e07f000f-2a9e-41f7-a5ef-68290f81989c,ringway.in,available,7.95,7.95,medium,low,7,namesilo,,,23/09/2026 07:12
86d818e1-cd4d-4629-9fe4-b03e2ff2c324,heidelberg.in,resell,,,high,low,10,Hosting Concepts B.V. dba Openprovider,28/11/2025 07:50,28/11/2026 07:50,26/09/2026 06:37
a19c41ea-6678-4347-9dd6-7cd019771965,commemorative.in,available,9.98,11.98,medium,low,13,namecheap,,,01/10/2026 06:13
d397677a-d8d0-432f-ac88-18e19f459489,inaccurate.in,available,7.95,7.95,medium,low,10,namesilo,,,22/08/2026 00:09
178f97ec-1d89-4456-b483-bd05d6e5cbb9,romansh.in,available,9.98,11.98,high,medium,7,namecheap,,,09/09/2026 18:31
8087f956-3018-4cae-8fed-f64e3eda1979,bioweapon.in,available,7.95,7.95,medium,low,9,namesilo,,,23/09/2026 17:40
000f9c3c-d998-4dde-95e2-4f02b53b8374,henson.in,available,9.98,11.98,medium,low,6,namecheap,,,28/09/2026 14:26
10849d56-e69d-4180-8bfd-064972b285bc,heywood.in,resell,,,medium,low,7,,,,29/09/2026 04:25
0ad92a02-8380-4c3a-9aac-76049ffd6965,shaftesbury.in,available,7.83,7.83,medium,low,11,porkbun,,,30/09/2026 05:22
df6cdb01-29c4-40d5-8655-ecf0a586424c,schleswig.in,available,5.97,5.97,medium,low,9,spaceship,,,30/09/2026 05:21
10616086-8dd8-47de-b103-4dfa0247664d,unshelled.in,available,7.95,7.95,high,medium,9,namesilo,,,10/09/2026 06:23
de5f4acd-ade7-4725-ba1b-0e1d8f28a9ad,bilirub.in,available,7.95,7.95,medium,low,9,namesilo,,,23/09/2026 15:56
11c7e9e0-5ebb-4598-9253-2ea9257651d2,anticancer.in,available,7.95,7.95,high,low,10,namesilo,,,22/09/2026 06:38
64e44a33-f3a2-4f7b-8258-6c7c599b6dc6,amide.in,available,9.98,11.98,medium,low,5,namecheap,,,18/09/2026 21:35
7107814d-9aa8-400a-8eac-9eea23ff8288,marx.in,resell,,,high,low,4,"NameSilo, LLC",16/02/2005 07:42,16/02/2027 07:42,26/09/2026 07:27
ef359b57-1521-4afe-807e-77d9dc667757,schuyler.in,available,9.98,11.98,medium,low,8,namecheap,,,28/09/2026 04:05
56e92aa9-e0fc-4c97-9873-2fbf4fec706e,cluttered.in,available,7.95,7.95,medium,low,9,namesilo,,,12/08/2026 13:12
669a31e6-f961-414f-a431-3b569bb9a086,congenial.in,available,7.95,7.95,high,low,9,namesilo,,,12/08/2026 21:38
7a734fc4-2deb-4b95-aa2a-80abb5bf5e30,alca.in,resell,,,high,low,4,"Dynadot, LLC",05/03/2023 20:00,05/03/2027 20:00,26/09/2026 01:29
4b47a659-7d20-40d8-bcde-dbe4cdfc4954,epstein.in,available,7.95,7.95,high,low,7,namesilo,,,27/09/2026 03:50
54519695-704d-4b72-ab19-24c189341ae6,useable.in,available,7.95,7.95,medium,low,7,namesilo,,,12/09/2026 23:57
9bb88197-ab59-41f1-96e7-e8280771c13b,diffusely.in,available,7.95,7.95,medium,low,9,namesilo,,,14/09/2026 12:36
dd32812e-fdf9-48a2-93c0-29a351608839,consultation.in,resell,,,high,low,12,,,,29/09/2026 22:42
25db48fa-0131-432e-bea7-b2f9ce8d6f51,eolian.in,available,7.95,7.95,medium,low,6,namesilo,,,
b43f71e2-0710-44fe-926d-92e44d35cae2,halting.in,available,7.95,7.95,medium,low,7,namesilo,,,13/08/2026 07:02
5ef6910d-9217-4048-bc41-b8f90903092a,longish.in,available,7.95,7.95,medium,low,7,namesilo,,,24/08/2026 09:40
cbddea2b-421b-4449-945b-9ca5b63fded0,myeloid.in,available,7.95,7.95,medium,low,7,namesilo,,,03/09/2026 12:06
684c9a65-db14-4ad5-833d-3d515c007f8b,crompton.in,resell,,,high,low,8,,,,01/10/2026 07:29
262fb0a4-3ea1-44fc-abef-d43342c0b626,otoscope.in,available,7.95,7.95,medium,low,8,namesilo,,,21/09/2026 04:28
e6f5f2da-1c78-4a5a-8dce-00374f12a2f0,aggressively.in,available,5.97,5.97,medium,low,12,spaceship,,,30/09/2026 11:34
67435d6a-a9aa-4206-86e5-4878e847da51,veridical.in,available,7.95,7.95,high,low,9,namesilo,,,13/09/2026 02:24
d93e36e9-adc2-48d8-9e1e-d122a838c6a5,moosewood.in,available,7.95,7.95,medium,low,9,namesilo,,,16/09/2026 23:36
a4e92dd0-af27-4a1f-98c5-205ac875a148,fearful.in,available,7.95,7.95,medium,low,7,namesilo,,,24/09/2026 01:08
e92a9f85-db78-42b3-a8a2-70bb944692c6,quavering.in,available,7.95,7.95,medium,low,9,namesilo,,,09/09/2026 07:44
77270b67-3144-405b-a890-effec33a46fe,springs.in,resell,,,medium,low,7,,,,27/09/2026 23:53
c6ff6dc8-952d-466d-be05-76566fecbd05,neurotoxic.in,available,7.95,7.95,medium,low,10,namesilo,,,03/09/2026 16:25
ef78d74a-e6f2-4aea-bacc-56feb6335ca5,denying.in,available,7.95,7.95,medium,low,7,namesilo,,,28/09/2026 11:30
696e3823-617e-4ae3-984f-c692bb64ee90,concludes.in,available,5.97,5.97,medium,low,9,spaceship,,,29/09/2026 05:51
c6f93435-4a5c-4bf6-9e76-77e8879523d5,fergus.in,available,5.97,5.97,medium,low,6,spaceship,,,29/09/2026 05:30
3500a930-f3c6-4432-85a4-73bbdef1370a,capone.in,available,5.97,5.97,medium,low,6,spaceship,,,28/09/2026 19:49
1e6ec967-a78b-4c88-98ec-c1fc0346c282,mackie.in,available,5.97,5.97,medium,low,6,spaceship,,,30/09/2026 05:44
1ea242de-6b85-4eb1-a54c-283d107a81b9,mosher.in,available,9.98,11.98,medium,low,6,namecheap,,,01/10/2026 23:17
4cac2680-096b-40cb-b2d5-2f754663a667,alcalde.in,available,7.95,7.95,high,low,7,namesilo,,,18/09/2026 03:47
5165cfe4-be3b-43c3-8bba-3b074d949e85,ticonderoga.in,available,5.97,5.97,medium,low,11,spaceship,,,30/09/2026 22:22
d40860d9-a022-462e-9d43-ba911cf86d61,bumbling.in,available,7.95,7.95,medium,low,8,namesilo,,,11/08/2026 09:34
6664db5d-25e3-49d4-a096-a48c1db8872d,sodden.in,available,7.95,7.95,medium,low,6,namesilo,,,10/09/2026 13:24
84fe38d8-ed04-4053-b11d-1b799576982e,defenses.in,available,7.95,7.95,low,low,8,namesilo,,,29/09/2026 10:39
865b0d7e-ef79-4c47-bb5f-5870e1e96f6a,helen.in,resell,,,high,low,5,S.G.S. Technologie Pvt Ltd dba Netandhost.com,02/03/2005 14:02,02/03/2027 14:02,26/09/2026 06:37
10b7fd19-979d-4e4c-bba0-f11d65cb57d8,bloodshot.in,available,7.95,7.95,medium,low,9,namesilo,,,10/08/2026 15:21
bfa5f86f-b5c8-4ed9-9acd-09e329ade147,metrically.in,available,7.95,7.95,medium,low,10,namesilo,,,15/09/2026 14:41
6fd8223d-69eb-414a-adfc-557a266b0233,teetotal.in,available,7.95,7.95,medium,low,8,namesilo,,,11/09/2026 10:14
bc4e1202-4273-4802-8e20-7fed3f6a5919,ethyne.in,available,9.98,11.98,medium,low,6,namecheap,,,17/09/2026 00:23
5d14a3d5-be57-43a1-971d-1412735d99a6,luca.in,resell,,,high,medium,4,,,,28/09/2026 07:26
943397b3-695a-4ea4-be07-4802142f0d06,antitrade.in,available,7.95,7.95,medium,low,9,namesilo,,,19/09/2026 15:13
f2d47819-9106-428b-a411-3fa6be1d7e88,unparallel.in,available,7.95,7.95,medium,low,10,namesilo,,,12/09/2026 16:27
dd179250-baa2-4f4d-9ecf-a06d24ceb9b7,actinia.in,available,7.95,7.95,low,low,7,namesilo,,,17/09/2026 04:43
543f8807-60da-486b-bede-ca8033427826,fayette.in,available,6.26,6.26,medium,low,7,dynadot,,,27/09/2026 20:20
5c556388-abad-4e53-bbdb-09e4161502af,intestines.in,available,7.95,7.95,low,low,10,namesilo,,,30/09/2026 22:51
ff55ea67-7796-4268-8e55-dcc97b1c5643,coercive.in,available,7.95,7.95,medium,low,8,namesilo,,,12/08/2026 15:24
74a325e6-c020-49d1-bba9-2c1c170154d7,zoological.in,available,7.95,7.95,high,low,10,namesilo,,,13/09/2026 15:33
3259c82a-670f-410b-abe7-c9310c5c0e38,manuscript.in,resell,,,high,low,10,,,,28/09/2026 10:05
a83ef0e3-40e8-4d7a-a30f-781804743786,retch.in,available,7.95,7.95,high,medium,5,namesilo,,,10/09/2026 07:37
5b5fec11-d152-4717-a3d2-14ded4b3fe3f,nagoya.in,available,5.97,5.97,medium,low,6,spaceship,,,28/09/2026 10:28
cc4f6da7-6e73-45a2-a905-2bbcbb67730c,lucifer.in,resell,,,high,low,7,Hosting Concepts B.V. dba Openprovider,24/05/2023 20:01,24/05/2027 20:01,26/09/2026 07:20
f30ddc09-23e6-4e06-a9af-4066fae97d4f,hammering.in,available,7.95,7.95,high,low,9,namesilo,,,01/10/2026 02:23
b5e18272-617f-44c1-a56f-f1c34a2c8f0e,arsehole.in,available,7.95,7.95,medium,low,8,namesilo,,,20/09/2026 09:34
1fd27705-45c5-4b12-ae5c-a8f639d86ffa,arranger.in,resell,,,medium,low,8,"Dynadot, LLC",19/01/2016 20:02,19/01/2031 20:02,26/09/2026 04:02
3b810fb2-1f80-4f92-81d2-db3ad6739f04,rightish.in,available,7.95,7.95,medium,low,8,namesilo,,,09/09/2026 17:35
619af24c-75b6-4479-9e85-9a2170479fc3,sweeping.in,available,7.95,7.95,high,low,8,namesilo,,,11/09/2026 05:31
6ec9c1ba-13fc-4675-bb69-66d7c919ac03,amused.in,available,,,high,low,6,,,,
37e7b96c-36df-43f9-b88b-3f50a34a76c4,pursuing.in,available,7.95,7.95,high,medium,8,namesilo,,,09/09/2026 06:27
0ffde3fb-0d58-4ced-86ac-fc90b68c8953,gilmer.in,available,5.97,5.97,medium,low,6,spaceship,,,01/10/2026 19:15
db127d7d-1d2a-4906-8278-1564baa2ad7f,nonaligned.in,available,7.95,7.95,medium,low,10,namesilo,,,03/09/2026 18:44
435c9834-b308-4f64-a6d4-8050e0e2edf4,reentrant.in,available,7.95,7.95,medium,low,10,namesilo,,,09/09/2026 10:51
d456157c-f2d9-4a00-b052-59726f4ab578,pretext.in,available,5.97,5.97,high,low,7,spaceship,,,30/09/2026 01:48
b2518429-5770-4c12-88de-6dd3b4b1be78,pervious.in,available,9.98,11.98,medium,low,8,namecheap,,,08/09/2026 18:09
cd982cd8-542e-4c87-8853-f246ba80c734,subalpine.in,available,7.95,7.95,medium,low,9,namesilo,,,
825ce884-89e2-4fc2-8a74-c208d595d72d,degraded.in,available,,,medium,low,8,,,,13/08/2026 20:17
e5fa3f2d-93e2-4b3e-b321-e945b4fe4b36,nilpotent.in,available,7.95,7.95,medium,low,9,namesilo,,,03/09/2026 17:28
e91fe388-b968-4b96-aafe-223a80888167,abducted.in,available,5.97,5.97,medium,low,8,spaceship,,,29/09/2026 05:02
0c445582-f36f-4702-9072-6c854e9e1f17,block.in,resell,,,high,low,5,NAMECHEAP,16/02/2005 08:05,16/02/2028 08:05,28/09/2026 23:15
3dc2e8e5-9515-4d23-9dcb-5d60c4a4b824,greeley.in,available,5.97,5.97,medium,low,7,spaceship,,,28/09/2026 14:21
8fabb299-bfc2-4276-a4fc-117780f37276,awheel.in,available,7.95,7.95,low,low,6,namesilo,,,08/08/2026 01:05
a7068376-b9cc-40e9-9866-d31cea8f5d2d,jealous.in,resell,,,high,low,7,Suryanandan.net,07/09/2018 20:02,07/09/2027 20:02,26/09/2026 06:59
4f12e3eb-9b48-4a78-8378-48616bfff28c,crinkly.in,available,7.95,7.95,medium,low,7,namesilo,,,13/08/2026 06:51
7cb71931-ef55-47f4-af62-22edd8730c83,hardcover.in,available,7.95,7.95,high,low,9,namesilo,,,21/08/2026 00:44
9b3f33d6-53d4-4de7-9268-4877578eb171,hindustani.in,resell,,,high,low,10,"Dynadot, LLC",14/07/2008 20:00,14/07/2030 20:00,26/09/2026 06:40
e3669af9-bba3-47e2-8e1f-c87131622793,coveted.in,resell,,,high,low,7,"Dynadot, LLC",23/06/2016 20:00,23/06/2027 20:00,26/09/2026 05:18
be940816-d1ef-4e42-91ab-0ac3717a9eef,requisite.in,available,7.95,7.95,high,low,9,namesilo,,,17/08/2026 13:21
afa9d0ab-b0b5-4f76-aa2c-2d81c487c6ae,charts.in,resell,,,high,low,6,"Dynadot, LLC",07/04/2011 20:00,07/04/2027 20:00,26/09/2026 04:52
06f1eecd-2d47-4c7d-96c7-914fa848e12e,proustian.in,available,7.95,7.95,medium,low,9,namesilo,,,09/09/2026 04:22
6e825117-89f7-450c-9270-a91cf038a770,sucking.in,available,7.95,7.95,medium,low,7,namesilo,,,28/09/2026 15:26
2483f4f5-26e3-45e0-afae-d77473d685f5,kalimantan.in,available,9.98,11.98,high,low,10,namecheap,,,01/10/2026 18:45
89347602-7a95-4922-9e7b-fb2596d56bc2,reviving.in,available,7.95,7.95,high,low,8,namesilo,,,09/09/2026 14:08
2dfef1df-a918-4744-afce-6ee35854bd7c,carrel.in,available,7.95,7.95,medium,low,6,namesilo,,,18/09/2026 06:05
37901ca5-ab92-438a-b554-fe431046190b,thereof.in,available,7.95,7.95,medium,low,7,namesilo,,,16/09/2026 08:41
bf38d1a9-1c5d-4344-a887-2bc04d9060eb,iron.in,resell,,,high,low,4,GoDaddy,16/02/2005 06:54,16/02/2028 06:54,26/09/2026 06:57
f59836cd-a6d9-45fc-8126-171f6365e84a,participle.in,available,7.95,7.95,medium,low,10,namesilo,,,08/09/2026 02:05
46e63a4d-f4d1-4d90-9bf3-74a4ccf4647e,nazimova.in,available,7.95,7.95,medium,low,8,namesilo,,,18/09/2026 09:38
22ad939c-0299-4fd9-9407-c25438ed314e,taunton.in,available,7.95,7.95,medium,low,7,namesilo,,,28/09/2026 05:05
683f0a96-bc8b-4baa-98c7-9880b7412a41,bashfully.in,available,7.95,7.95,medium,low,9,namesilo,,,13/09/2026 23:41
ad44f2de-f63d-4c77-9626-1de2d64ad2ec,irritable.in,available,7.95,7.95,medium,low,9,namesilo,,,25/09/2026 11:30
c5252d14-8971-47c8-adfb-632eed3e4d58,reactivity.in,available,5.97,5.97,medium,low,10,spaceship,,,29/09/2026 20:07
c355e8da-bb7a-4473-90ef-2aee4949dbf8,unanswered.in,available,7.95,7.95,medium,low,10,namesilo,,,12/09/2026 00:43
f81f3830-e0ac-4498-be2e-cb32e318d34d,radiology.in,resell,,,high,low,9,,,,30/09/2026 10:55
8b5ef20c-99ed-4d24-b392-65dfc7a334d2,ahuh.in,available,5.97,5.97,medium,low,4,spaceship,,,02/10/2026 04:54
aff032b5-13b5-4a17-ba9e-7512a42fa9c5,eroticism.in,available,7.95,7.95,medium,low,9,namesilo,,,18/09/2026 16:10
3f0fb8f9-54d6-459b-bb52-1c66de382fe6,feeder.in,resell,,,high,low,6,"Dynadot, LLC",31/05/2018 20:04,31/05/2027 20:04,26/09/2026 06:02
9c023c85-9df4-4a8c-9870-eaf52b247a44,emphasize.in,available,9.98,11.98,high,low,9,namecheap,,,16/09/2026 21:52
d8d93a8f-c897-4bfd-aa31-a6a94e3c9136,affirmed.in,available,7.95,7.95,high,low,8,namesilo,,,17/09/2026 14:27
1877d994-2379-4cd6-90f1-2c9bf60ca270,brotherhood.in,resell,,,high,low,11,GoDaddy,12/04/2009 05:11,12/04/2027 05:11,26/09/2026 04:38
3d3dd33a-52e8-4a50-bee0-a12f706c4921,prideful.in,available,7.95,7.95,medium,low,8,namesilo,,,17/08/2026 19:48
92f936d1-8f63-44ce-83cc-9ce7cb9c8eac,respondent.in,resell,,,high,low,10,"Dynadot, LLC",10/06/2016 20:01,10/06/2028 20:01,26/09/2026 08:38
715ebc78-1f6d-4569-a469-c715cf2cb62a,chalybeate.in,available,7.95,7.95,medium,low,10,namesilo,,,12/08/2026 01:32
efacfe77-11c4-400e-ad73-2571041a0a46,dispensed.in,available,7.95,7.95,medium,low,9,namesilo,,,14/08/2026 11:54
93457c97-4a4f-4f33-a495-2957e7285f86,dawkins.in,available,7.95,7.95,medium,low,7,namesilo,,,29/09/2026 15:39
9264d433-e134-4c17-9a61-0950d9e0e449,bambino.in,resell,,,high,low,7,Hosting Concepts B.V. dba Openprovider,06/09/2026 05:35,06/09/2027 05:35,26/09/2026 04:14
124d12bf-d976-4456-af93-2e4d4dd05bdc,dormant.in,available,7.95,7.95,high,low,7,namesilo,,,
3894a8ad-6b7d-481c-ac7d-892d73e3851d,nonplus.in,available,7.95,7.95,medium,low,7,namesilo,,,21/09/2026 17:34
32735f5d-2fc6-4358-b029-cf89eb6cd897,baudelaire.in,available,7.95,7.95,high,low,10,namesilo,,,22/09/2026 16:35
7c897a5e-5ef0-44f4-aa51-7ebb821a7b30,snidely.in,available,7.95,7.95,low,low,7,namesilo,,,16/09/2026 03:18
b4bcf3b6-c2b2-4139-b622-22a2a420f9fb,kneeling.in,available,5.97,5.97,high,low,8,spaceship,,,29/09/2026 19:28
33e4b6b6-3b7c-42f6-a0c4-52d8aa69a23f,lividity.in,available,7.95,7.95,medium,low,8,namesilo,,,17/09/2026 00:59
2eecb1db-55d6-407b-9fa1-ce585f65e46b,thin.in,resell,,,high,low,4,S.G.S. Technologie Pvt Ltd dba Netandhost.com,16/02/2005 06:54,16/02/2027 06:54,26/09/2026 09:36
6a6c950c-43bc-4f8f-9c9b-974820a144c8,sneezing.in,available,7.83,7.83,medium,low,8,porkbun,,,30/09/2026 11:18
e02fca70-957e-4d97-a2b4-9d4cc8d4281f,facies.in,available,5.97,5.97,medium,low,6,spaceship,,,29/09/2026 04:47
830c9f92-8276-44ce-b6d2-d1913035dbdc,bravely.in,resell,,,high,low,7,"Spaceship, Inc.",03/03/2025 23:09,03/03/2027 23:09,26/09/2026 04:36
bab01375-ff42-4392-be3f-5b457b697d1a,monastic.in,available,7.95,7.95,medium,low,8,namesilo,,,12/08/2026 11:57
bd756f07-a12b-4579-9626-d52d1d9903b0,farmland.in,resell,,,high,low,8,,,,01/10/2026 01:39
7a6e5ac5-f15d-43b1-8534-d0b40beddcac,prandial.in,available,7.95,7.95,high,medium,8,namesilo,,,09/09/2026 01:04
30c8fd46-9a4a-4a4c-89b6-81c2e5199ad9,ellison.in,available,7.95,7.95,medium,low,7,namesilo,,,27/09/2026 03:49
4265c957-d5b9-40a1-bc8d-fd030b56191e,seafaring.in,available,7.95,7.95,medium,low,9,namesilo,,,04/09/2026 00:22
2ccb2948-2ad7-4c84-b9d7-909bf07445bb,hijacking.in,available,6.26,6.26,medium,low,9,dynadot,,,01/10/2026 19:58
61c0a07a-2336-4a03-b506-f5e630984000,fordham.in,available,7.95,7.95,medium,low,7,namesilo,,,27/09/2026 07:54
341dcd02-4a20-4afa-a62f-1d5a1a7bf086,goony.in,available,7.95,7.95,medium,low,5,namesilo,,,23/09/2026 23:48
d93778a0-12fd-4736-85b2-91f5038659b7,dioxide.in,available,5.97,5.97,medium,low,7,spaceship,,,29/09/2026 18:39
253387e4-3d0a-45ea-85b9-196d8d8bb2bc,garret.in,available,7.95,7.95,medium,low,6,namesilo,,,07/08/2026 15:51
b6dce14f-3242-4dea-8e2a-7a00d0319773,brindle.in,available,7.95,7.95,medium,low,7,namesilo,,,11/08/2026 04:17
e7efc326-99e9-4ae0-8a44-238105c6f4ad,peabody.in,available,7.95,7.95,medium,low,7,namesilo,,,29/09/2026 00:46
6091946e-ddac-4256-8860-d4befe4ca7bd,plodding.in,available,9.98,11.98,medium,low,8,namecheap,,,08/09/2026 21:17
465e6457-d96e-4c90-9f1c-671441deaf78,haworth.in,resell,,,medium,low,7,,,,29/09/2026 19:08
48671075-8cf8-4c6c-8615-4d191fd1e315,mystifying.in,available,7.95,7.95,medium,low,10,namesilo,,,13/08/2026 09:39
70cd679f-5495-4321-acc9-a1bed4901793,smetana.in,available,7.95,7.95,medium,low,7,namesilo,,,22/09/2026 23:32
a606aeda-fc9f-4f10-82e8-654b4c1669c0,afrikaans.in,available,7.95,7.95,medium,low,9,namesilo,,,
1c03988c-6252-4d87-945b-6d47719f0a15,scratched.in,available,5.97,5.97,medium,low,9,spaceship,,,01/10/2026 18:37
7c0bba29-e91d-45bc-8c2e-e99bbf569503,severed.in,available,,,medium,low,7,,,,13/08/2026 12:32
20b6c52a-c3f9-4ddd-88a1-1d8051f16441,fitzhugh.in,available,7.95,7.95,medium,low,8,namesilo,,,01/10/2026 10:31
6b72766a-b74d-4ba3-8c36-30e15803606d,bookkeeping.in,resell,,,high,low,11,"Dynadot, LLC",16/02/2005 16:52,16/02/2027 16:52,01/10/2026 11:18
8ebd8869-ed59-44f4-b993-a43ce511759b,utterable.in,available,7.95,7.95,high,medium,9,namesilo,,,10/09/2026 15:23
138478e7-dc77-4220-b109-0de31346ad53,whacky.in,available,7.95,7.95,medium,low,6,namesilo,,,06/08/2026 21:32
a309fc8d-9bda-4345-ad88-f8476ec656ee,fumbling.in,available,7.95,7.95,medium,low,8,namesilo,,,11/08/2026 10:05
2d82aee7-7def-4060-8656-901d7cd0f5a7,geddes.in,available,7.95,7.95,medium,low,6,namesilo,,,29/09/2026 15:03
ef190b2a-9f68-421c-b3c1-f3d190ef0e2b,foto.in,resell,,,high,low,4,Metarar,03/05/2026 21:00,03/05/2027 21:00,01/10/2026 18:40
24060e7b-9691-4001-a450-6bdd46ec11e3,shielding.in,available,7.95,7.95,medium,low,9,namesilo,,,30/09/2026 11:01
42932ab8-0b01-4eb0-bb22-cc8f7f9fe80d,basotho.in,available,7.95,7.95,medium,low,7,namesilo,,,22/09/2026 11:35
7732d9e3-89cf-4d89-a644-ba95074c4613,inured.in,available,7.95,7.95,low,low,6,namesilo,,,17/08/2026 10:01
1cb0c752-b210-4648-a349-063c7f1f3fc3,calando.in,available,7.95,7.95,medium,low,7,namesilo,,,11/08/2026 13:34
48d6a81a-5202-4b1d-96b0-2a80fd8b2c7d,unlettered.in,available,7.95,7.95,medium,low,10,namesilo,,,21/08/2026 18:33
b520ca6b-1481-4413-adc7-c5e92a34a849,hatchet.in,available,6.25,6.25,high,low,7,dynadot,,,30/09/2026 09:59
943e2d9a-1dd5-440a-a08e-257f0911237f,wilt.in,available,5.97,5.97,medium,low,4,spaceship,,,30/09/2026 19:06
108bf38f-5989-4dbf-adba-60926dc9ebb9,exploratory.in,available,7.95,7.95,high,low,11,namesilo,,,01/10/2026 06:16
88324f34-60e1-461b-9f60-e2eb2138687a,unmoved.in,available,7.95,7.95,medium,low,7,namesilo,,,21/08/2026 23:45
95b4a768-ccee-45b7-8cc2-36b7883dad95,chummy.in,available,7.95,7.95,high,low,6,namesilo,,,11/08/2026 07:44
d79a7255-1fb1-48ad-92a8-b7abe4191f3c,haight.in,available,5.97,5.97,medium,low,6,spaceship,,,02/10/2026 04:03
22fa4566-1e94-4b22-a2fb-afa4ef19f547,arnett.in,available,5.97,5.97,medium,low,6,spaceship,,,01/10/2026 23:33
ede60963-1de0-480d-abe0-df94d565461e,monotonous.in,available,7.95,7.95,medium,low,10,namesilo,,,25/08/2026 05:30
f2d567b7-35d7-4ff6-a255-3582f31994a4,abstemious.in,available,7.95,7.95,medium,low,10,namesilo,,,
71d5210f-806e-4af0-93f3-7106094b0fa2,bermudian.in,available,7.95,7.95,medium,low,9,namesilo,,,09/08/2026 15:15
cc0cad76-3965-4a2e-af80-b5e2360869b6,mandaean.in,available,7.95,7.95,high,low,8,namesilo,,,24/08/2026 14:38
dadef020-f4ef-4d95-b0aa-a06a04755c76,ballade.in,available,7.95,7.95,medium,low,7,namesilo,,,21/09/2026 22:41
d44af52c-860b-4154-ba98-9490fb228ac2,visible.in,resell,,,high,low,7,"Dynadot, LLC",09/03/2010 20:00,09/03/2031 20:00,27/09/2026 19:29
bda5e9d0-fd74-4a02-a5ed-3eee3f79afa5,ether.in,resell,,,high,low,5,,,,02/10/2026 04:37
34db0fdd-3437-44d9-a845-a385683a4d4b,ostensibly.in,available,9.98,11.98,medium,low,10,namecheap,,,13/09/2026 20:26
e8218261-ff38-4da2-a684-ef46e9f09a60,wished.in,available,9.98,11.98,medium,low,6,namecheap,,,17/09/2026 18:39
87115a31-4f53-449c-a8b2-bcb70c3ccf87,colbert.in,available,6.26,6.26,medium,low,7,dynadot,,,27/09/2026 12:41
babd037c-91d6-49a4-bee5-ad63bc0b8e3f,ranging.in,available,7.95,7.95,high,medium,7,namesilo,,,09/09/2026 10:16
70959e89-dc21-44cd-a603-dcfc2965c88e,arere.in,available,7.95,7.95,medium,low,5,namesilo,,,20/09/2026 03:56
39c35bac-06a2-43bf-b815-0737cc93baf2,trilled.in,available,9.98,11.98,medium,low,7,namecheap,,,09/09/2026 18:19
a7728d65-8fd0-4836-8846-d0a370dcc8c8,remarkably.in,available,7.95,7.95,medium,low,10,namesilo,,,15/09/2026 23:06
a173e0e9-92d8-4d97-923d-b4c02f30db0b,cherubic.in,available,7.95,7.95,medium,low,8,namesilo,,,12/08/2026 04:25
14cfa591-9217-44f0-8d38-b860e9b1dca2,sentences.in,available,9.98,11.98,medium,low,9,namecheap,,,16/09/2026 20:11
a40edbcf-1420-4b78-b5c8-2ad6cf4b5d8f,scotchtape.in,available,7.95,7.95,medium,low,11,namesilo,,,16/09/2026 11:38
63d08505-3c61-451d-9106-e4f3024dbe86,acold.in,available,7.95,7.95,medium,low,5,namesilo,,,
828eacc3-4043-4b8c-85e7-733687d9949c,geek.in,resell,,,high,low,4,"Dynadot, LLC",16/02/2005 06:53,16/02/2027 06:53,26/09/2026 06:20
f154e464-3384-40bc-b7be-8df7e26a23f4,threw.in,available,7.95,7.95,medium,low,5,namesilo,,,27/09/2026 02:18
c5245cc6-3b29-4caf-989a-b147c0f8bea0,cookie.in,resell,,,high,low,6,"Dynadot, LLC",04/05/2026 02:04,04/05/2028 02:04,29/09/2026 11:31
2e83dd1d-a1bf-4fd7-ab21-917840b7b3ad,fastidious.in,available,7.95,7.95,medium,low,10,namesilo,,,17/08/2026 15:30
cc524b73-9b3e-41c9-9dd6-ac976b34f856,splash.in,resell,,,high,medium,6,,,,28/09/2026 10:43
bd3db155-bfde-485c-9c8f-d7d5c5371724,intoxicating.in,available,7.95,7.95,high,low,12,namesilo,,,01/10/2026 22:34
a6eafa93-c6a4-4b9e-ba6b-6d286efa5282,usance.in,available,9.98,11.98,medium,low,6,namecheap,,,13/08/2026 12:25
67f523ce-455e-4c88-a4f3-8aacbc6f2558,comfortably.in,available,6.26,6.26,high,low,11,dynadot,,,01/10/2026 18:17
09e5968d-af61-4531-b615-6aca18979dd7,boreas.in,available,7.95,7.95,medium,low,6,namesilo,,,03/09/2026 21:36
0426def9-62d5-4766-b145-3e0985653e1b,recognize.in,resell,,,high,low,9,"Dynadot, LLC",21/12/2013 21:30,21/12/2030 21:30,27/09/2026 02:43
a60e64e3-c6c5-42e0-a828-1f4cff3a5d00,sejm.in,available,7.95,7.95,high,low,4,namesilo,,,30/09/2026 20:42
f9cf5f31-4015-4b88-a5e8-5ba48311fe42,blocky.in,available,7.95,7.95,medium,low,6,namesilo,,,10/08/2026 14:53
35ec91fe-cf57-4eb4-9a52-54d23b9bd4a8,unfed.in,available,7.95,7.95,medium,low,5,namesilo,,,12/09/2026 10:04
4494585a-59f0-4893-b3db-97e719756418,pimiento.in,available,7.95,7.95,medium,low,8,namesilo,,,23/09/2026 05:38
a4836127-fc61-446e-83f7-be726a694a34,arctangent.in,available,7.95,7.95,medium,low,10,namesilo,,,20/09/2026 01:30
2db295b6-48d1-40a0-adb9-56994a04d006,foolishly.in,available,9.98,11.98,medium,low,9,namecheap,,,14/09/2026 19:22
3f424ab3-5c98-4281-959b-c236c9145bd3,draining.in,available,9.98,11.98,medium,low,8,namecheap,,,14/08/2026 18:19
1c5827d6-23a0-422f-83ea-9aacd1eebccc,aku.in,resell,,,high,low,3,"Dynadot, LLC",12/07/2010 20:15,12/07/2031 20:15,26/09/2026 01:28
571d0a2c-9679-4b9e-ad67-09a10510da68,barnet.in,available,5.97,5.97,medium,low,6,spaceship,,,28/09/2026 20:56
74e10cb7-180f-4d81-9b9d-3c790f9f9e4c,elsass.in,available,7.95,7.95,medium,low,6,namesilo,,,18/09/2026 14:17
a8790896-07ce-47eb-a4b9-9b88b9ec2bd4,breadfruit.in,available,7.95,7.95,high,low,10,namesilo,,,20/09/2026 11:57
a26fe698-77f2-48f9-b755-67c3c0af3d2f,ponders.in,available,7.95,7.95,medium,low,7,namesilo,,,18/09/2026 02:06
a57184f0-d64c-4867-9ae7-51c9edc0471b,agitation.in,available,9.98,11.98,medium,low,9,namecheap,,,17/09/2026 18:06
64751204-97e3-4070-ac47-72828dc3e6fb,cimarron.in,available,7.95,7.95,high,low,8,namesilo,,,23/09/2026 15:12
2eea9695-a34b-47b8-8af3-c0c0bf1f0409,listless.in,available,7.95,7.95,medium,low,8,namesilo,,,14/08/2026 12:00
cf4ab1cc-ce1c-47d3-9403-da72e849336d,implement.in,resell,,,high,low,9,,,,29/09/2026 13:06
86f0a2e8-c341-44b6-aea1-a7059738bd14,amnionic.in,available,,,medium,low,8,,,,
3e9dede0-8459-4c9a-ad1c-ce0c33155373,holey.in,available,7.95,7.95,medium,low,5,namesilo,,,21/08/2026 10:23
7f6b6498-77ee-4501-a62a-a58b77d266d4,censure.in,available,7.95,7.95,medium,low,7,namesilo,,,19/09/2026 08:29
a62671f3-8f20-46d9-9aba-1b2a83c6e0fe,spoke.in,resell,,,high,low,5,Suryanandan.net,15/06/2017 20:03,15/06/2027 20:03,26/09/2026 09:13
de5139da-dce9-4604-849a-9147036f6c49,unsavory.in,available,7.95,7.95,medium,low,8,namesilo,,,14/08/2026 13:05
e3d37b28-63fe-49ad-aae9-130cfbc76d51,southerly.in,available,7.95,7.95,high,medium,9,namesilo,,,10/09/2026 14:51
61fedd14-3f4d-4547-8710-0ee17e0a37a7,arsenic.in,resell,,,medium,low,7,"NameSilo, LLC",18/06/2007 21:08,18/06/2027 21:08,26/09/2026 04:02
25b381f0-b15b-4fc4-b3b3-2a7431e547af,jiangsu.in,available,6.25,6.25,high,low,7,dynadot,,,29/09/2026 09:39
2f637185-7a8b-49a4-af26-6cd36e70f270,sarcosomal.in,available,9.98,11.98,high,medium,10,namecheap,,,09/09/2026 21:29
e11ced91-e7fa-486e-888e-aa8af10f7648,peeved.in,available,7.95,7.95,medium,low,6,namesilo,,,
93f09632-a88f-4c05-bb9f-03a1ae54896e,goal.in,resell,,,high,low,4,Hosting Concepts B.V. dba Openprovider,07/05/2006 23:47,07/05/2027 23:47,29/09/2026 14:09
0b6223e0-b3ec-4062-a44b-b83a839c228a,growling.in,available,7.95,7.95,medium,low,8,namesilo,,,30/09/2026 09:58
2f3ccd4c-fada-4252-9433-7bef3d0c2a27,bothersome.in,available,7.95,7.95,medium,low,10,namesilo,,,
d302c173-8078-48d8-abdc-ed8055d1e8cc,bubbling.in,available,7.95,7.95,high,low,8,namesilo,,,11/08/2026 07:15
0335dffb-c659-45e2-8ffa-f1e543ef6ac8,agrippa.in,available,9.98,11.98,medium,low,7,namecheap,,,17/09/2026 19:32
bfdb3134-227f-428b-a9ad-411d3a9bf22d,capably.in,available,7.95,7.95,medium,low,7,namesilo,,,13/09/2026 16:22
cdc3cf1a-123d-4486-8450-35a630422bce,bellying.in,available,7.95,7.95,low,low,8,namesilo,,,09/08/2026 13:37
37ae2c5c-5d4e-430a-b65b-8f74a617c9ae,pretending.in,available,5.97,5.97,high,low,10,spaceship,,,30/09/2026 07:14
b7659eec-1009-4477-acbe-1848352ebbd2,disorganized.in,available,5.97,5.97,medium,low,12,spaceship,,,01/10/2026 20:28
6776e254-adf9-46dd-8897-08ed7e7d5513,scorned.in,available,7.95,7.95,medium,low,7,namesilo,,,14/08/2026 04:16
3e71ae9d-2034-40d7-bb20-e6be7434f12b,dissolving.in,available,7.95,7.95,high,low,10,namesilo,,,24/09/2026 23:08
38fb9b1b-192b-4dc1-a4d8-bddc74fb9414,arawn.in,available,7.95,7.95,medium,low,5,namesilo,,,20/09/2026 00:29
0299906b-3372-45a6-8f96-6a0b9e96e1f8,expectable.in,available,9.98,11.98,medium,low,10,namecheap,,,17/08/2026 18:02
7cc9327b-7f24-4257-bd0c-18269c2567fe,arises.in,available,7.95,7.95,low,low,6,namesilo,,,30/09/2026 07:05
1c96e7b6-d543-435d-ad6d-18f79f0696e3,deputies.in,available,7.95,7.95,low,low,8,namesilo,,,29/09/2026 05:37
be26a370-a819-4305-9df7-d24c2947a505,bakersfield.in,available,7.95,7.95,medium,low,11,namesilo,,,02/10/2026 00:41
a64df077-5f14-4302-9931-f7f7c1f68242,hueless.in,available,7.95,7.95,medium,low,7,namesilo,,,21/08/2026 14:36
3651477a-61fd-4200-939b-725e03152045,cloak.in,resell,,,high,medium,5,"Dynadot, LLC",03/06/2014 20:15,03/06/2027 20:15,26/09/2026 04:59
65e763b2-c198-4c58-8337-ef644cbea78e,zoonotic.in,available,7.95,7.95,medium,low,8,namesilo,,,13/09/2026 15:35
a81526dc-49c4-4605-bb4a-4457f0790842,agathis.in,available,9.98,11.98,medium,low,7,namecheap,,,17/09/2026 16:31
f11f4408-1bcb-4ed9-b284-d7ecff58524b,biform.in,available,9.98,11.98,medium,low,6,namecheap,,,09/08/2026 20:07
0d928a8d-0e82-429c-ba38-466b42419a35,antbird.in,available,7.95,7.95,medium,low,7,namesilo,,,19/09/2026 12:17
2143dfa5-840f-4b54-bc8b-02e97bd974b7,coruscant.in,available,7.95,7.95,medium,low,9,namesilo,,,
d747ae7b-3a90-4a70-b6c9-06c2ba6323f2,rooney.in,available,7.95,7.95,medium,low,6,namesilo,,,27/09/2026 07:48
14240997-3f73-4758-9fa8-5e4435ccd8cb,barterer.in,available,7.95,7.95,high,low,8,namesilo,,,22/09/2026 08:58
57f22a57-bb36-40e2-be4a-e0f9298c99c1,outclassed.in,available,9.98,11.98,medium,low,10,namecheap,,,04/09/2026 19:12
ca60af6a-9785-4a67-bf06-803a12a0cf19,chinese.in,resell,,,high,low,7,"Dynadot, LLC",04/05/2019 20:00,04/05/2032 20:00,26/09/2026 04:55
f4057e61-4c54-4d0c-9736-3ed49a9776cc,anaerobic.in,available,7.95,7.95,medium,low,9,namesilo,,,
b2136ccc-e0b9-43ef-ac93-951ec7f163e5,benighted.in,available,7.95,7.95,low,low,9,namesilo,,,08/09/2026 09:10
03672f0d-f1dd-4605-bbae-b6409335ad19,joewood.in,available,7.95,7.95,medium,low,7,namesilo,,,22/09/2026 04:36
1f1e5ff3-169f-4a40-b08a-d554345c0230,symbolic.in,resell,,,high,low,8,"Dynadot, LLC",25/03/2012 19:03,25/03/2027 19:03,26/09/2026 09:28
da3a266a-50a7-4ae1-b5aa-ad4e17263b27,cancerous.in,available,7.95,7.95,medium,low,9,namesilo,,,11/08/2026 16:33
0656d382-1045-4db9-92b5-1f3258e46979,hewitt.in,resell,,,high,low,6,Hosting Concepts B.V. dba Openprovider,13/02/2026 20:32,13/02/2027 20:32,26/09/2026 06:39
801bea87-db21-43c2-94ef-d084c8bcbaf8,hutchison.in,available,7.95,7.95,medium,low,9,namesilo,,,28/09/2026 22:09
65aa9bd7-fcc3-4f10-8dd5-68dd067a2302,awfully.in,available,7.95,7.95,medium,low,7,namesilo,,,22/09/2026 15:26
44fe609c-baa7-4772-a929-69f993079a6f,aerofoil.in,available,7.95,7.95,medium,low,8,namesilo,,,17/09/2026 13:00
da0aa2a6-63d6-4f67-a8e0-951d3205ee83,goit.in,resell,,,medium,low,5,Hosting Concepts B.V. dba Openprovider,05/12/2022 20:00,05/12/2026 20:00,26/09/2026 06:25
c89c9177-0baf-4d87-9399-856e9ff45ece,preliminary.in,resell,,,medium,low,11,,,,28/09/2026 11:21
a8d3df87-8881-4651-a772-78770fefe43b,contrasty.in,available,7.95,7.95,medium,low,9,namesilo,,,12/08/2026 23:32
c1b2f6ef-2793-4f27-9a82-98c7aba3275c,all.in,resell,,,high,medium,3,GoDaddy,10/05/2023 17:08,10/05/2029 17:08,26/09/2026 03:48
97543892-9e9f-4f46-b0b1-66f7914896b9,acores.in,available,9.98,11.98,medium,low,6,namecheap,,,17/09/2026 02:16
7a6000f1-a2be-48e2-a4a0-aff24ab3b501,eyeless.in,available,9.98,11.98,medium,low,7,namecheap,,,17/08/2026 20:02
b36800f8-9fcb-4f9d-a57f-7ea4657d6762,applicable.in,available,7.95,7.95,medium,low,10,namesilo,,,06/08/2026 07:06
cfca9e4f-3b9d-4dfe-ad85-fc214c6eb997,persepolis.in,available,5.97,5.97,medium,low,10,spaceship,,,02/10/2026 06:04
68e444dd-56bd-456e-ab23-864ff8927d04,diminuendo.in,available,7.95,7.95,medium,low,10,namesilo,,,13/08/2026 22:19
ecf3f46a-5ecc-452c-adfc-203de14a321d,computable.in,available,7.95,7.95,high,low,10,namesilo,,,02/10/2026 00:11
a9b1b760-7066-40b1-bad0-91b50d9a6fcd,longfellow.in,available,9.98,11.98,medium,low,10,namecheap,,,29/09/2026 01:16
390e6f61-2c5f-4079-b45c-80bf6c734538,pickett.in,available,7.95,7.95,medium,low,7,namesilo,,,28/09/2026 14:18
4182e373-a531-46d4-b618-d953ab120e7f,demosthenes.in,available,5.97,5.97,medium,low,11,spaceship,,,01/10/2026 09:49
3e5ae6b3-6539-4ac2-9473-46e9b86c5ede,spitting.in,available,5.97,5.97,medium,low,8,spaceship,,,29/09/2026 08:06
3316f582-20e0-4312-a032-166b0ca0294c,pyknotic.in,available,7.95,7.95,high,medium,8,namesilo,,,09/09/2026 06:50
3cccb2a3-2895-4d92-81a6-afd5ea3de2ae,catastrophic.in,available,5.97,5.97,medium,low,12,spaceship,,,29/09/2026 03:09
69109ffd-4e01-4e46-adee-0672152cd3e9,anklebone.in,available,7.95,7.95,medium,low,9,namesilo,,,19/09/2026 09:43
24596cc5-93bf-4421-a6ea-47531d0ab3dc,bluish.in,available,7.95,7.95,high,low,6,namesilo,,,22/09/2026 22:47
8f9304be-8bff-4053-b65c-64432df6fec1,albumen.in,available,7.95,7.95,medium,low,7,namesilo,,,18/09/2026 03:31
ce17cbe7-c66f-4135-9972-a82e79802027,mandibular.in,available,7.95,7.95,medium,low,10,namesilo,,,22/08/2026 04:40
b82098d3-3849-49e5-ace7-910d702440c6,becalm.in,available,7.95,7.95,medium,low,6,namesilo,,,10/09/2026 19:38
eea65e8c-0f43-494f-a574-67650451a174,airwoman.in,available,7.95,7.95,medium,low,8,namesilo,,,17/09/2026 23:25
65d5a53a-c965-4170-97a4-f0e9ca03857a,widower.in,available,7.95,7.95,medium,low,7,namesilo,,,30/09/2026 11:20
ca2cd774-aa98-4ad9-9678-d7bbd7005357,capsular.in,available,7.95,7.95,medium,low,8,namesilo,,,08/09/2026 04:10
9a1fb96e-98ae-44b5-9e06-ef573efd4212,abrocome.in,available,7.95,7.95,medium,low,8,namesilo,,,16/09/2026 17:14
c42b7a8f-27f4-4b44-97f8-212125a47338,stemmed.in,available,7.95,7.95,medium,low,7,namesilo,,,11/08/2026 22:33
a1fb0b68-f858-471c-b09c-d27f64cd6b21,jonesboro.in,available,7.95,7.95,medium,low,9,namesilo,,,01/10/2026 02:47
f6770c05-821b-406e-91af-09a3f1ab7a9c,shoat.in,available,9.98,11.98,high,medium,5,namecheap,,,08/09/2026 19:35
b2fa646c-f6bc-459c-ae6a-4aa90e6306bb,ghanaian.in,available,7.95,7.95,medium,low,8,namesilo,,,18/08/2026 23:10
83d298c8-9731-4886-84a2-c72a73352dd3,lou.in,resell,,,high,low,3,Tucows Domains Inc.,21/01/2012 20:00,21/01/2027 20:00,26/09/2026 07:19
6c40e2da-3315-41b3-960d-d4f7585fa9e2,suicidal.in,available,7.95,7.95,medium,low,8,namesilo,,,10/09/2026 02:02
6bac0652-439a-4074-9690-580dc0871adf,gettable.in,available,7.95,7.95,medium,low,8,namesilo,,,18/08/2026 23:02
0e3446e2-0ab5-479b-8db5-d689903e82cc,alston.in,resell,,,medium,low,6,,,,29/09/2026 15:32
a71b4ab9-134b-43ce-bd5e-7ed5f619a2a8,egbert.in,available,5.97,5.97,medium,low,6,spaceship,,,01/10/2026 01:50
34767968-7c3c-4329-9c0e-ceb8eb894dbd,spikelike.in,available,7.95,7.95,high,medium,9,namesilo,,,10/09/2026 15:38
5bb14dc9-de42-4a9a-b013-4f561f85163d,idempotent.in,available,9.98,11.98,medium,low,10,namecheap,,,21/08/2026 18:03
416b6b66-619a-40a0-a897-4e6bec0841f0,mediaeval.in,available,9.98,11.98,medium,low,9,namecheap,,,24/08/2026 18:49
fff28c36-9cea-4b28-afa1-6b3cd81d3f14,demolished.in,available,7.95,7.95,medium,low,10,namesilo,,,14/08/2026 01:21
2d05e5f9-160f-409f-8f69-98c9dbd1219d,malawian.in,available,7.95,7.95,medium,low,8,namesilo,,,24/08/2026 13:40
5617472e-9d69-4402-87d3-01203d23922b,disused.in,available,7.95,7.95,medium,low,7,namesilo,,,14/08/2026 13:28
027de0e8-a0a2-47b4-b87b-81db80ffed56,armeria.in,available,7.95,7.95,medium,low,7,namesilo,,,20/09/2026 06:43
3a313cf3-fa7a-417d-a3c4-a596fe9ba3fa,somebody.in,resell,,,high,low,8,Suryanandan.net,06/05/2018 20:00,06/05/2027 20:00,26/09/2026 09:09
fa51fdd1-8948-4650-b07b-844155cfbd3f,unfeigned.in,available,7.95,7.95,medium,low,9,namesilo,,,12/09/2026 10:06
822fa90b-9b7b-49da-9f92-5d81865116a8,sousaphone.in,available,9.98,11.98,medium,low,10,namecheap,,,22/09/2026 11:51
4058f1cc-5c95-482b-9267-c49ca9ff389f,analogist.in,available,7.95,7.95,medium,low,9,namesilo,,,19/09/2026 01:52
2dcbfcfd-f081-47eb-afe7-8d8bac81850f,astaire.in,available,7.95,7.95,medium,low,7,namesilo,,,20/09/2026 16:54
f2449971-7f5a-4b71-bd69-ec0bdb92acdd,blasphemer.in,available,7.95,7.95,medium,low,10,namesilo,,,24/09/2026 04:14
5f8cbb12-8226-4d98-9fcc-96e9882071c4,wholemeal.in,available,7.95,7.95,medium,low,9,namesilo,,,13/09/2026 11:17
faa3b1c0-aa36-4ab9-a78d-f3920fd5ec36,enduring.in,available,7.95,7.95,high,low,8,namesilo,,,
d0a3a772-48f8-4c22-a070-f66fecaa14f9,physiological.in,available,5.97,5.97,medium,low,13,spaceship,,,29/09/2026 20:58
ce64662d-d836-4a35-8619-13fccf1e70b4,gaily.in,available,9.98,11.98,medium,low,5,namecheap,,,14/09/2026 20:57
f71afc6d-8987-4070-aad9-95f9366eda3e,irony.in,resell,,,high,low,5,Realtime Register B.V.,15/08/2026 10:42,15/08/2027 10:42,26/09/2026 06:57
535f5816-f554-44af-a003-4235a6132a82,rebuilding.in,resell,,,high,low,10,,,,29/09/2026 20:09
556be11f-e76d-488c-9e24-4c6be494e6b0,chevrolet.in,resell,,,high,low,9,,,,01/10/2026 23:54
98c89330-21e0-414e-9d25-2eb2928db787,conjoint.in,available,7.95,7.95,medium,low,8,namesilo,,,12/08/2026 22:05
8565ba6f-5dee-44e0-83e6-9b9d5db70e70,triennial.in,available,9.98,11.98,medium,low,9,namecheap,,,11/09/2026 19:31
3697e511-cbb1-4330-b73a-e2b849af1d42,horace.in,available,12.99,12.99,medium,low,6,godaddy,,,28/09/2026 02:07
2d520cd9-783e-4aaf-8f48-60f89d3618ee,elliptic.in,resell,,,medium,low,8,"HOSTINGER operations, UAB",11/02/2025 06:25,11/02/2027 06:25,26/09/2026 05:48
fefa5acf-efc4-4a9e-abb4-181964405cd2,curtin.in,resell,,,medium,low,6,,,,29/09/2026 09:07
cf35413a-1e15-4ff5-9698-aacf602299d0,narrowly.in,available,7.95,7.95,medium,low,8,namesilo,,,15/09/2026 16:08
5523d9b8-15da-4846-9d0e-c6252822182b,lanky.in,available,9.98,11.98,medium,low,5,namecheap,,,18/08/2026 20:11
e1046c1f-56b3-4147-8840-60077df18ce8,mormon.in,resell,,,high,low,6,Hosting Concepts B.V. dba Openprovider,17/06/2026 07:24,17/06/2027 07:24,26/09/2026 07:38
9d224aeb-3b2f-43a3-87f5-f48bdedfded9,aldershot.in,available,6.25,6.25,medium,low,9,dynadot,,,29/09/2026 15:14
42672388-3467-468c-96e9-93b38cc05fa9,ibuprofen.in,available,7.95,7.95,high,low,9,namesilo,,,17/09/2026 11:14
a8074bec-c03e-4221-96a6-11e1a4c976d1,harmed.in,available,5.97,5.97,low,low,6,spaceship,,,29/09/2026 23:42
3f141b96-2bcf-48c7-b2ab-4b825a333f1d,parthian.in,available,7.95,7.95,medium,low,8,namesilo,,,08/09/2026 01:59
400a8950-90d0-49d3-b5cb-648186c6398b,enate.in,available,9.98,11.98,medium,low,5,namecheap,,,16/08/2026 21:18
e68529f2-5d05-47c1-87e9-e15aac1415b5,purau.in,available,9.98,11.98,medium,low,5,namecheap,,,21/09/2026 22:02
04506bb9-3d22-44cc-bd49-b23bc970bdf6,greenness.in,available,7.95,7.95,medium,low,9,namesilo,,,20/08/2026 19:45
577f49fe-24b9-4569-92b4-4d6052c5451b,cityfied.in,available,7.95,7.95,medium,low,8,namesilo,,,12/08/2026 08:49
a593c2cf-5bc9-4b39-ba26-cc364a2582b8,ignoble.in,available,9.98,11.98,medium,low,7,namecheap,,,21/08/2026 18:23
dae55130-625d-48fb-99bc-500d289a5659,frizzy.in,available,7.95,7.95,medium,low,6,namesilo,,,18/08/2026 16:08
044f2fd2-c714-47f7-9be1-3269e8c1723d,graphical.in,resell,,,high,low,9,"Dynadot, LLC",21/05/2016 19:03,21/05/2027 19:03,26/09/2026 06:28
596da7e6-3914-4ce6-a13f-691431b9891f,handing.in,available,9.98,11.98,medium,low,7,namecheap,,,28/09/2026 11:31
30f5441d-8ba7-42df-a17f-e9ed4bcea370,uxorious.in,available,7.95,7.95,medium,low,8,namesilo,,,13/09/2026 00:33
91ff7486-7c30-47bc-a118-615d42690a79,ephesian.in,available,7.95,7.95,medium,low,8,namesilo,,,17/08/2026 10:24
17352bc8-02de-4032-9fd1-da7b1c545b67,unbarred.in,available,7.95,7.95,medium,low,8,namesilo,,,12/09/2026 01:34
22a47bf3-6c55-4621-8ee8-05501df9c0dd,neoliberal.in,available,7.95,7.95,medium,low,10,namesilo,,,03/09/2026 15:23
b9da5a5a-50d2-41be-a17b-acd1192736ef,dolomitic.in,available,7.95,7.95,medium,low,9,namesilo,,,14/08/2026 15:28
54b8668d-b41e-4f24-bff7-9c98f18d3f39,yunnan.in,available,7.95,7.95,high,low,6,namesilo,,,28/09/2026 06:53
d42c8cfa-1169-414f-a0f7-b19ed52d4f79,jarring.in,available,7.95,7.95,medium,low,7,namesilo,,,22/08/2026 12:26
64e86393-8889-4c0c-97f8-64c5e3125377,inhalation.in,available,9.98,11.98,high,low,10,namecheap,,,01/10/2026 18:49
f01ccea2-bd69-4821-82e1-d4fba764aef5,leger.in,available,7.95,7.95,high,low,5,namesilo,,,16/09/2026 23:07
9206a363-9a7c-4c4f-80ee-d86ce6b4b36d,stoolie.in,available,7.95,7.95,medium,low,7,namesilo,,,11/08/2026 16:46
68c0782d-0369-45a6-87c8-5ea227bf0a52,holes.in,resell,,,medium,low,5,"Dynadot, LLC",06/12/2022 20:00,06/12/2026 20:00,26/09/2026 06:41
c9a57660-c7f6-4646-88ab-83993c51a31f,notice.in,resell,,,high,low,6,101domain GRS Ltd.,16/02/2005 09:38,16/02/2027 09:38,26/09/2026 07:49
a5d3cbd9-aff5-4eff-a763-d93e3562fbfa,wroth.in,available,7.95,7.95,medium,low,5,namesilo,,,13/09/2026 13:38
4019242d-8c78-4e44-95ca-f290ba84fdda,pressures.in,available,7.95,7.95,low,low,9,namesilo,,,30/09/2026 00:28
be837c3e-1e0f-4f83-86aa-5e598804d7f3,disulfiram.in,available,7.95,7.95,medium,low,10,namesilo,,,19/09/2026 12:22
625afa7e-0ec2-400e-83fd-52612dcd8a8c,bilgy.in,available,9.98,11.98,medium,low,5,namecheap,,,09/08/2026 21:16
c60ccc98-9fd8-45e2-9663-84ae984a4a4f,abscissa.in,available,7.95,7.95,medium,low,8,namesilo,,,16/09/2026 17:32
692659d1-7507-4874-97ca-837b14ba13df,shanny.in,available,7.95,7.95,medium,low,6,namesilo,,,24/09/2026 05:59
d7441d23-99ee-4a6a-8795-5750e2eb07e7,hussey.in,available,7.95,7.95,high,low,6,namesilo,,,29/09/2026 15:04
4a11d951-0824-4cb5-9381-42912963f140,authorizer.in,available,7.95,7.95,medium,low,10,namesilo,,,21/09/2026 05:13
3fcca84b-532b-4fdb-9c65-a0d1ad9470c0,everyplace.in,available,7.95,7.95,medium,low,10,namesilo,,,14/09/2026 16:38
1945b03d-5f2b-40ca-8a5b-c740cc5d1199,sterope.in,available,7.95,7.95,low,low,7,namesilo,,,20/09/2026 17:14
0a2c5da8-cff1-45f8-959d-925ee2198091,automatism.in,available,7.95,7.95,medium,low,10,namesilo,,,21/09/2026 06:59
fc52d30d-57d0-4483-9b1e-bac5144b0084,picayune.in,available,7.95,7.95,medium,low,8,namesilo,,,18/08/2026 03:37
113d33f7-979c-4037-95bd-dae314f2cc75,argument.in,resell,,,high,low,8,"Dynadot, LLC",17/12/2015 20:01,17/12/2026 20:01,26/09/2026 04:00
c7c35746-b278-4b16-8fdd-e44e838488cd,flaky.in,available,7.95,7.95,high,low,5,namesilo,,,10/08/2026 10:06
6a43458f-f383-4f9b-80ef-a66940c89cc2,cuzco.in,available,5.97,5.97,medium,low,5,spaceship,,,01/10/2026 19:08
80dc9205-0f0b-458d-8579-99e0a87f3b4e,abusive.in,available,7.95,7.95,medium,low,7,namesilo,,,
ea4c1141-8c6a-4aac-a994-42ee0ad6841a,jealousy.in,available,9.98,11.98,medium,low,8,namecheap,,,28/09/2026 09:57
b2845b75-263a-44c0-a7cf-dca3aa10b123,stinker.in,available,7.95,7.95,medium,low,7,namesilo,,,11/08/2026 09:15
796b1949-f55d-4124-8e9a-709c947bd020,overhang.in,available,7.95,7.95,medium,low,8,namesilo,,,09/08/2026 08:28
21661aee-2e2d-4204-9da2-f0db0fb1f6c7,abelia.in,available,7.95,7.95,medium,low,6,namesilo,,,16/09/2026 15:02
4f1cb983-186c-4507-94eb-05765393da3b,guffaw.in,available,7.95,7.95,high,low,6,namesilo,,,23/09/2026 06:41
779a660e-344d-48ee-9605-1e07cdb36605,sharper.in,available,7.95,7.95,medium,low,7,namesilo,,,30/09/2026 00:58
32442ea0-11e1-41e3-958d-b4b6836dcbf7,anpu.in,available,9.98,11.98,medium,low,4,namecheap,,,19/09/2026 11:59
b4a5786e-f9a4-451e-9f84-3521d844c384,screamed.in,available,7.83,7.83,low,low,8,porkbun,,,30/09/2026 07:12
0e6860ed-eafd-4c9b-ab04-dc142862572c,hussa.in,resell,,,medium,low,7,,,,29/09/2026 09:29
a6be880b-e649-4a66-b9ba-5f12cf0b37c3,benzine.in,available,9.98,11.98,medium,low,7,namecheap,,,23/09/2026 08:53
7cdfedf3-fd33-44aa-8d68-33bb5a6a3f50,achromic.in,available,7.95,7.95,medium,low,8,namesilo,,,
ef8be12a-5a09-407e-baf2-d6ff0f0e6209,embryo.in,resell,,,high,low,6,,,,30/09/2026 16:45
090cc475-ea03-4cea-9856-b72a868abe51,sculptural.in,available,7.95,7.95,medium,low,10,namesilo,,,25/08/2026 02:53
260c15fc-478f-4979-84c2-830afa6cf72b,disraeli.in,available,7.95,7.95,medium,low,8,namesilo,,,23/09/2026 08:17
90ce9fea-2e97-48da-a84c-e3c0a8aa3b72,offenses.in,available,7.95,7.95,low,low,8,namesilo,,,20/09/2026 10:35
f9006035-f536-4f26-8ce5-63422543f168,microbic.in,available,7.95,7.95,medium,low,8,namesilo,,,24/08/2026 22:21
f7fae7e8-2c49-46ec-8f34-3be9b948484f,scrambled.in,available,7.95,7.95,high,low,9,namesilo,,,09/09/2026 23:46
637907bd-edb4-446b-a08a-c3d3ba6c52fb,thriller.in,resell,,,high,low,8,,,,29/09/2026 14:04
5b0a0d10-0292-499f-9260-0118e04dadb5,piffling.in,available,7.95,7.95,low,low,8,namesilo,,,18/08/2026 03:35
26fb6776-9e28-4127-90e8-b01b51e17bba,jerome.in,resell,,,medium,low,6,"Dynadot, LLC",04/11/2022 20:00,04/11/2028 20:00,26/09/2026 06:59
9dce7edb-c44f-4726-846e-a6d84cf61c27,ataraxic.in,available,7.95,7.95,low,low,8,namesilo,,,07/08/2026 12:49
50419528-2817-4792-885d-7405f8843876,palpitant.in,available,7.95,7.95,medium,low,9,namesilo,,,05/09/2026 00:17
6135d36f-044b-4f1a-9c9f-95d01f66d7d5,piddling.in,available,7.95,7.95,low,low,8,namesilo,,,18/08/2026 03:33
4cca22d8-91b5-46d9-8f27-113259493e1b,resettled.in,available,7.95,7.95,high,low,9,namesilo,,,09/09/2026 13:41
d755184a-af79-4735-98b8-151da562c4f6,operatic.in,available,7.95,7.95,medium,low,8,namesilo,,,04/09/2026 16:24
e16c9279-3009-49bb-bf26-2b04874187c5,numbly.in,available,7.95,7.95,low,low,6,namesilo,,,15/09/2026 08:39
11e26687-9165-475e-a835-2b9a1decb0a1,bacchante.in,available,7.95,7.95,medium,low,9,namesilo,,,21/09/2026 13:59
02e700b1-fff4-4fee-8298-a5d6ed2d46e0,acheson.in,available,7.95,7.95,medium,low,7,namesilo,,,17/09/2026 00:31
a0f59718-9089-4957-9875-b5cd57db58c9,inform.in,resell,,,high,low,7,"Wild West Domains, LLC",16/02/2005 07:52,16/02/2027 07:52,30/09/2026 20:20
d379b52e-6b22-4591-9aeb-86fd323a3e22,incerta.in,available,7.95,7.95,low,low,9,namesilo,,,22/08/2026 01:10
06fcb53a-79aa-411d-8814-7f38c2e287e4,rubberise.in,available,9.98,11.98,high,medium,9,namecheap,,,09/09/2026 19:14
7f459edb-3be2-49bc-8805-f24aa40ba9ad,rending.in,available,7.95,7.95,medium,low,7,namesilo,,,09/09/2026 13:57
9697c74e-4173-4e58-b8f4-e50115271305,huddersfield.in,available,5.97,5.97,medium,low,12,spaceship,,,30/09/2026 04:49
6213e603-379b-4b73-8081-ad480bdc061b,fixedly.in,available,7.95,7.95,low,low,7,namesilo,,,14/09/2026 18:44
d5b4fd6a-ca0e-46fe-8031-a1ee29d9c48f,ameba.in,available,7.95,7.95,medium,low,5,namesilo,,,18/09/2026 17:40
7a3008e8-f199-416d-b456-4585ac50151b,marginally.in,available,7.95,7.95,medium,low,10,namesilo,,,15/09/2026 13:29
1d46baed-b5a9-4e22-8185-3584e929ac57,askance.in,available,7.95,7.95,medium,low,7,namesilo,,,07/08/2026 02:56
a0d853d4-0403-443a-a2e4-0e20a39356ac,barley.in,resell,,,medium,low,6,1&1 IONOS SE,02/08/2007 23:13,02/08/2027 23:13,26/09/2026 04:16
326800d0-fbd2-4e33-8392-afa3f34e5e42,catoptric.in,available,7.95,7.95,medium,low,9,namesilo,,,11/08/2026 22:12
6f170c42-2bda-4fdc-957f-e8b057001226,expendable.in,available,9.98,11.98,medium,low,10,namecheap,,,17/08/2026 18:08
0143c7b1-8b72-498e-bc54-1cae103eef65,panoptical.in,available,7.95,7.95,medium,low,10,namesilo,,,05/09/2026 01:03
24d0cbb9-6fd8-456c-bcff-25f53d099a2a,sympatric.in,available,7.95,7.95,medium,low,9,namesilo,,,11/09/2026 06:05
4b53b76c-3918-403a-a48e-2ed1523c9d3b,forthcoming.in,available,5.97,5.97,high,low,11,spaceship,,,29/09/2026 14:27
35211467-5598-4480-9406-f7fdb280cde3,astragal.in,available,7.95,7.95,medium,low,8,namesilo,,,19/09/2026 09:44
480ea2fd-7fe5-40ec-96ce-2639307b3f92,rotting.in,available,5.97,5.97,medium,low,7,spaceship,,,29/09/2026 20:13
8486ed2d-4978-4982-a2cb-671d16118b3b,accounted.in,available,7.95,7.95,medium,low,9,namesilo,,,
8cf156dd-4561-42b3-8ffe-f3d6cd962939,academism.in,available,9.98,11.98,medium,low,9,namecheap,,,16/09/2026 20:23
d0eb313c-8fe0-45cc-abb6-b4ff36962ee2,invaded.in,available,7.95,7.95,low,low,7,namesilo,,,28/09/2026 23:00
55aca92c-0193-4d2b-9541-940479f56e9c,cumbersome.in,available,7.95,7.95,medium,low,10,namesilo,,,13/08/2026 10:25
4e4d2730-4f57-4dc9-a79a-73fbe3a3631f,endermatic.in,available,7.95,7.95,low,low,10,namesilo,,,17/08/2026 00:58
bb75caf9-277d-4225-aed4-7c809c49973b,rehearsing.in,available,7.95,7.95,medium,low,10,namesilo,,,01/10/2026 06:10
1ad76d03-0146-429a-8e98-1a3a28695af1,philatelic.in,available,9.98,11.98,medium,low,10,namecheap,,,08/09/2026 18:49
e1190680-6a9c-4d9c-bfb9-d04405422c6a,segregated.in,available,7.95,7.95,medium,low,10,namesilo,,,10/09/2026 01:51
dcf96835-02c4-4f15-bcfb-4589c772660f,scaring.in,available,7.95,7.95,low,low,7,namesilo,,,02/10/2026 03:46
2b888943-aad6-4e5f-ac6c-a350fbd68c7e,judas.in,resell,,,medium,low,5,,,,28/09/2026 19:35
704ed30c-8fcb-407f-98bd-74356c50f2ca,squeaking.in,available,7.95,7.95,medium,low,9,namesilo,,,10/09/2026 00:03
cdea9ec6-9ec8-4bb5-bac6-c3e866d77bfa,rails.in,resell,,,high,low,5,,,,30/09/2026 02:39
2c5ae674-7b16-4159-9136-d4349af669ff,eagre.in,available,7.95,7.95,medium,low,5,namesilo,,,14/08/2026 22:16
223a055c-a4a2-48a2-a5a7-07d397590df7,dma.in,resell,,,high,low,3,,,,29/09/2026 21:51
9e7ade88-173f-47eb-b944-531049e40c9a,coachella.in,available,9.98,11.98,high,low,9,namecheap,,,30/09/2026 22:20
afc888d0-4a11-44cf-9253-f624e79a3200,federalist.in,available,5.97,5.97,medium,low,10,spaceship,,,28/09/2026 19:11
6866049b-c190-42d3-b5af-0283a49edbbb,sahel.in,resell,,,medium,low,5,,,,30/09/2026 20:57
1c6589f1-507a-48aa-b00a-f08f6f455f01,uncurbed.in,available,7.95,7.95,medium,low,8,namesilo,,,12/09/2026 04:34
75838ba9-b7da-47cb-9da4-707e917a8cb8,miotic.in,available,7.95,7.95,medium,low,6,namesilo,,,25/08/2026 01:00
bb88e489-0b13-4c48-be57-e065020c9088,withdrawn.in,available,7.95,7.95,medium,low,9,namesilo,,,22/08/2026 03:25
6d27a039-1aa9-49b4-a930-487829b600a4,somaliland.in,available,5.97,5.97,medium,low,10,spaceship,,,29/09/2026 09:30
7a63145d-4e60-4e11-8b31-4cf0fd558b30,underdone.in,available,7.95,7.95,medium,low,9,namesilo,,,12/09/2026 07:24
4d530179-aa64-47af-b6cb-a134831ae736,lorraine.in,available,7.95,7.95,high,low,8,namesilo,,,25/09/2026 09:09
395dc71a-769a-4a69-85bb-7b479664eeb4,rakes.in,available,7.95,7.95,medium,low,5,namesilo,,,20/09/2026 22:29
3387acc7-4e7d-433b-8507-a4b62b6cfd31,whack.in,resell,,,high,low,5,,,,01/10/2026 22:02
0939ff50-7962-4b7f-a39b-8a6adc530660,expresses.in,available,9.98,11.98,medium,low,9,namecheap,,,30/09/2026 23:32
eccb02ad-4ca0-40dc-a696-75afc52c8a8d,overturned.in,available,7.95,7.95,medium,low,10,namesilo,,,04/09/2026 21:55
4decde96-c89c-45ff-9f29-2bdd313f3885,ovary.in,resell,,,high,low,5,,,,01/10/2026 03:11
d8de8ac4-1f9a-41a1-804e-7ed862f56d80,progressively.in,available,7.95,7.95,medium,low,13,namesilo,,,30/09/2026 12:19
1bf1ee50-7f8f-47ee-9231-f5ab8acb0827,abdomen.in,resell,,,high,low,7,Suryanandan.net,23/07/2018 20:01,23/07/2027 20:01,26/09/2026 01:18
eb5fbbee-fa1e-4b63-878e-614d97b2b5fb,ferric.in,available,7.95,7.95,medium,low,6,namesilo,,,18/08/2026 02:07
3d32a39f-9e47-46aa-82a6-f049a09e94d3,acerb.in,available,7.95,7.95,medium,low,5,namesilo,,,
6c01fd84-d6f8-4082-a723-b47e6d0ad851,dignitary.in,available,7.95,7.95,high,low,9,namesilo,,,29/09/2026 14:54
e92f6fdc-bcc5-4fd3-a475-e9b36d61e5f3,immunized.in,available,9.98,11.98,medium,low,9,namecheap,,,21/08/2026 21:30
f55bf51d-5b57-4320-91f9-b9dd5d1bf247,practiced.in,available,6.25,6.25,high,low,9,dynadot,,,29/09/2026 02:32
94728b39-4ff5-4faf-aa01-05c2d6da8c8a,xoxoxo.in,available,7.95,7.95,high,low,6,namesilo,,,02/10/2026 03:06
5b344788-5e8d-4e1a-a05c-4018b80e7c34,sunstruck.in,available,7.95,7.95,medium,low,9,namesilo,,,11/09/2026 02:01
4c937f7d-815a-4fe5-aac5-cc78996f2aa4,laughed.in,available,6.26,6.26,medium,low,7,dynadot,,,28/09/2026 12:59
597d5e3d-306e-42ad-b012-f905cd3908e2,garden.in,resell,,,high,low,6,Hosting Concepts B.V. dba Openprovider,16/02/2005 06:36,16/02/2027 06:36,30/09/2026 18:30
decaf1e4-2911-41ea-a26b-d65c1ac572ea,wendell.in,available,6.26,6.26,medium,low,7,dynadot,,,27/09/2026 20:17
2e15c901-bf9b-41f6-9b01-21dcb2b74672,anjou.in,available,9.98,11.98,high,low,5,namecheap,,,19/09/2026 09:39
d10fe843-1fd0-432f-96b6-5f2a9ac00495,incompetent.in,available,5.97,5.97,medium,low,11,spaceship,,,28/09/2026 21:19
f8f9bb2f-4136-4703-833f-e427e9693edf,fawning.in,available,7.95,7.95,medium,low,7,namesilo,,,10/08/2026 19:43
a51e9708-4f9f-49e9-bb5d-33dec9fc6ca0,sheet.in,resell,,,high,low,5,"Dynadot, LLC",20/04/2013 20:53,20/04/2027 20:53,29/09/2026 01:47
bfa1dd49-a4fc-4a22-aedd-65661742aede,oafish.in,available,9.98,11.98,medium,low,6,namecheap,,,10/08/2026 19:32
b4d66dd7-55f4-4d5f-9515-b83aff89feb4,snapping.in,available,7.95,7.95,high,low,8,namesilo,,,01/10/2026 23:49
ab052bd9-3932-4790-8ed5-82b015a37d94,nosed.in,available,9.98,11.98,medium,low,5,namecheap,,,03/09/2026 21:45
38d9aee7-8461-4047-aa3f-9c258f4c9e94,workaday.in,available,7.95,7.95,medium,low,8,namesilo,,,17/08/2026 14:58
e8cc7e62-0c2e-43f9-a5d7-cc2964a6687b,incision.in,available,5.97,5.97,high,low,8,spaceship,,,30/09/2026 01:58
14e11a99-8859-490b-a6bb-00cacca80c14,catechu.in,available,9.98,11.98,medium,low,7,namecheap,,,16/09/2026 20:04
0b9d0260-0ce4-4008-9358-d82b1760b04b,binturong.in,available,7.95,7.95,medium,low,9,namesilo,,,20/09/2026 02:47
ac3251cf-d6a8-4eb5-8e35-f4df71faebb0,bicorn.in,available,9.98,11.98,medium,low,6,namecheap,,,09/08/2026 19:30
d509db55-a606-4ffe-8702-622079d654f6,doreen.in,available,5.97,5.97,medium,low,6,spaceship,,,01/10/2026 08:50
898e176e-32f6-4beb-960c-9c5ad9b96637,lynchburg.in,available,5.97,5.97,high,low,9,spaceship,,,28/09/2026 14:48
42a6ac12-ee22-4c62-8d04-a26838ad75b2,plaintiffs.in,available,7.95,7.95,low,low,10,namesilo,,,01/10/2026 00:55
1863a9cc-3495-4812-8643-a0fb5e175715,wald.in,resell,,,high,low,4,,,,29/09/2026 21:04
27623d91-977b-434f-a56e-965c420f699c,literatim.in,available,7.95,7.95,medium,low,9,namesilo,,,15/09/2026 12:34
d0c37145-e008-43b2-9f43-c7db81eb24cd,pusher.in,available,9.98,11.98,high,low,6,namecheap,,,21/09/2026 13:22
5af69777-0904-4ffa-b8f3-131f591b08b9,nilotic.in,available,7.95,7.95,medium,low,7,namesilo,,,03/09/2026 17:26
90ac5e8d-a800-46f8-801b-e0f3a1868079,corned.in,available,7.95,7.95,medium,low,6,namesilo,,,13/08/2026 01:33
f39041cc-7008-4ccc-b688-da359cd310fe,depended.in,available,7.95,7.95,low,low,8,namesilo,,,29/09/2026 17:13
017ef145-5840-4b28-ac38-1d7c43bbe2f4,christiana.in,available,7.95,7.95,medium,low,10,namesilo,,,01/10/2026 00:03
a10387ee-bb0a-492a-a6b1-0688ce08cf41,composers.in,available,5.97,5.97,medium,low,9,spaceship,,,02/10/2026 02:41
56ba0d3b-8c27-407e-8599-b2703dfcc819,tappan.in,available,7.95,7.95,medium,low,6,namesilo,,,20/09/2026 11:08
c0dedcee-a123-48bc-a150-8e7242e38e2a,hemic.in,available,7.95,7.95,low,low,5,namesilo,,,20/08/2026 21:49
569e0af7-3164-41a7-a187-003c8a0a746a,aggro.in,available,9.98,11.98,medium,low,5,namecheap,,,17/09/2026 17:46
dcf3b14c-e13d-433b-82fb-0e0ed41beeb1,marshfield.in,available,5.97,5.97,medium,low,10,spaceship,,,02/10/2026 01:13
6c9f7ea8-4273-44d7-b37b-3fb3c7985c54,cymry.in,available,7.95,7.95,medium,low,5,namesilo,,,13/09/2026 10:45
1339cd55-f958-465a-98c4-4c7069f7bd64,lxxxviii.in,available,9.98,11.98,medium,low,8,namecheap,,,
8586511a-e065-4fe2-9b5e-dc0d70b6fd60,abampere.in,available,7.95,7.95,medium,low,8,namesilo,,,16/09/2026 13:54
52da6cbd-1e6e-4e66-af6f-c05befa43aa4,headteacher.in,available,11.98,,high,low,12,namecheap,,,
cc004313-1dde-40ac-9a4d-85af87aea634,stagy.in,available,9.98,11.98,medium,low,5,namecheap,,,10/09/2026 18:04
c592a8df-4221-473e-9fa9-5e9404e487b4,embarrassed.in,available,7.95,7.95,medium,low,11,namesilo,,,27/09/2026 06:32
4b894f77-e8fb-4672-89e6-7872bff57592,unsightly.in,available,9.98,11.98,medium,low,9,namecheap,,,12/09/2026 19:53
251acf67-05bb-47d6-974a-2be54e3cc907,kelsey.in,resell,,,medium,low,6,,,,28/09/2026 18:22
cf7ed925-354e-4dcb-bc87-14811cd9929f,apologist.in,available,7.95,7.95,medium,low,9,namesilo,,,19/09/2026 18:45
8b74faea-d525-4b71-96eb-3dd1079f2b17,bitstock.in,available,7.95,7.95,medium,low,8,namesilo,,,23/09/2026 22:47
e51af87b-3378-4741-8208-f0cdeef5b60c,aimlessly.in,available,9.98,11.98,low,low,9,namecheap,,,13/09/2026 18:28
3b35e775-fe69-4ad8-ab51-d3866248eefb,documenting.in,available,7.95,7.95,medium,low,11,namesilo,,,02/10/2026 03:07
7f95cad2-8973-4c2b-910c-290d54ab434e,sessile.in,available,7.95,7.95,medium,low,7,namesilo,,,10/09/2026 04:59
d2e9d3da-b087-4b5d-adf3-962e4463a4a1,bairn.in,available,9.98,11.98,high,low,5,namecheap,,,21/09/2026 19:31
3e2bf867-d8e3-4fee-a0ea-313168408d87,inexplicit.in,available,7.95,7.95,medium,low,10,namesilo,,,21/08/2026 22:39
2a66d59c-176b-4437-ba75-6e18f233cbed,kirkpatrick.in,available,7.95,7.95,medium,low,11,namesilo,,,28/09/2026 12:22
31ff432f-2ffe-47b0-8e40-c6abaf1169cd,tufted.in,available,7.95,7.95,medium,low,6,namesilo,,,11/08/2026 13:14
f749868e-cb2e-420f-a7d0-49985252644b,fatigued.in,available,7.95,7.95,medium,low,8,namesilo,,,14/08/2026 14:49
2fe9b390-acf1-4d90-b848-61c3f83452b5,enslaved.in,available,7.95,7.95,low,low,8,namesilo,,,30/09/2026 22:26
e5dda236-c6d2-4de3-9504-8d939583be33,sapiential.in,available,9.98,11.98,high,medium,10,namecheap,,,09/09/2026 21:20
15fd44e3-594c-4138-a91a-18753b48d991,midget.in,available,7.95,7.95,high,low,6,namesilo,,,08/08/2026 14:19
b5903a7d-d3c1-40ec-9478-fd0f5e029ee3,reputably.in,available,7.95,7.95,medium,low,9,namesilo,,,15/09/2026 23:17
0a1fbdb7-a911-45b1-97d6-05e06953f8a3,statisticians.in,available,9.98,11.98,low,low,13,namecheap,,,01/10/2026 18:33
b57bffa6-61fa-4d4f-8449-be3f6244e8a3,grazed.in,available,9.98,11.98,medium,low,6,namecheap,,,20/08/2026 19:29
99a20668-5783-46bc-87fe-5a1b983db838,disapprove.in,available,7.95,7.95,medium,low,10,namesilo,,,02/10/2026 06:43
e94d5c87-d4b7-4460-b95b-971e1ae16d2f,fordable.in,available,7.95,7.95,medium,low,8,namesilo,,,18/08/2026 11:24
5db59b92-694e-4901-8883-5cdc3c974754,tobias.in,resell,,,high,low,6,,,,27/09/2026 07:33
def86ac2-b0c6-4bca-b56a-6117bebf1340,sommer.in,resell,,,high,low,6,,,,29/09/2026 21:09
c0a38dd9-b29c-45b8-ada5-5f96bb48b3b5,missoula.in,available,5.97,5.97,high,low,8,spaceship,,,29/09/2026 01:41
f83b6b41-307a-4293-8895-685d2c43ef4e,deictic.in,available,7.95,7.95,medium,low,7,namesilo,,,14/08/2026 00:12
21794fe8-ea1e-4f42-8e9a-e41237141c4f,distraction.in,resell,,,medium,low,11,,,,28/09/2026 16:54
8a976ae9-2eb7-47f6-9ba2-f5d322eedb77,sulfurized.in,available,7.95,7.95,low,low,10,namesilo,,,11/09/2026 01:25
05e26aec-c898-4108-b740-e369ea53080f,lipscomb.in,available,5.97,5.97,medium,low,8,spaceship,,,30/09/2026 17:55
fb2c0427-f8f2-4876-bb50-dd02a82f65d7,mothy.in,available,7.95,7.95,low,low,5,namesilo,,,25/08/2026 07:14
03ab4f7b-1727-4f57-96f8-1fe67cd0fba5,rayleigh.in,available,5.97,5.97,medium,low,8,spaceship,,,29/09/2026 13:13
83bb20c2-81c5-4166-b7d5-04d7d9b9e387,hysterical.in,available,7.95,7.95,medium,low,10,namesilo,,,21/08/2026 17:22
25fb5bc2-735a-4a50-bc13-6969c812a05c,amaethon.in,available,7.95,7.95,low,low,8,namesilo,,,18/09/2026 15:34
1ed3b499-43f1-4d4a-961e-0421e31276b5,mandioca.in,available,7.95,7.95,medium,low,8,namesilo,,,23/09/2026 22:54
3b8d5fbf-d97d-45ad-a15f-0adc7b25515b,galapagos.in,available,7.83,7.83,high,low,9,porkbun,,,30/09/2026 17:26
1014bf87-79bb-429f-bf5a-7faf61ea043a,banners.in,resell,,,medium,low,7,,,,01/10/2026 00:27
d0d966b3-ab11-4588-93d4-7132e5366af0,manipulated.in,available,5.97,5.97,medium,low,11,spaceship,,,29/09/2026 16:09
6dd855c8-b93e-4fad-b0ee-6d4a79336ee6,acetabular.in,available,7.95,7.95,medium,low,10,namesilo,,,
fab84755-915b-460d-af46-dd1e64229636,briary.in,available,7.95,7.95,medium,low,6,namesilo,,,08/08/2026 17:02
6b6510e6-b6fb-4ae8-a193-ed2b922d7aa5,stupefy.in,available,9.98,11.98,medium,low,7,namecheap,,,21/09/2026 17:33
c7ec0c02-9a83-4d06-a890-120075f0ea33,promotions.in,resell,,,medium,low,10,"Dynadot, LLC",02/05/2021 20:00,02/05/2027 20:00,28/09/2026 08:51
dd360a2f-ab73-4a77-902e-2b893275d817,carrot.in,resell,,,high,low,6,,,,29/09/2026 00:20
27e68c38-13cb-4209-98f2-7cac3f59933a,bassoonist.in,available,7.95,7.95,medium,low,10,namesilo,,,22/09/2026 12:33
a19d718b-7aa4-4970-99db-ee74dcef1e24,banteng.in,available,7.95,7.95,medium,low,7,namesilo,,,22/09/2026 03:14
01abeb40-579f-4b5f-9835-829cb32a19ea,backstretch.in,available,11.98,,medium,low,12,namecheap,,,
91ca797e-a998-4e55-b6e5-6265e31d5847,lemonlike.in,available,7.95,7.95,medium,low,9,namesilo,,,22/08/2026 23:27
c4b25ea5-f2dc-4125-b29c-f8c8687820af,unformed.in,available,7.95,7.95,medium,low,8,namesilo,,,12/09/2026 10:39
69eaad7c-df4e-4b83-9d3f-d626f1dc4ee0,discourage.in,available,5.97,5.97,medium,low,10,spaceship,,,29/09/2026 20:38
c97eda0e-80fa-445a-aace-64b7c9fe6671,lxiii.in,available,7.95,7.95,medium,low,5,namesilo,,,
6a2a6464-9cd6-4745-b1b5-a9c4c5e24bfb,eccles.in,available,5.97,5.97,medium,low,6,spaceship,,,29/09/2026 06:42
009c50e6-0225-460c-87a5-8c50d27e2825,mouthy.in,available,11.98,,medium,low,6,namecheap,,,
604ed581-2e4b-4da3-9b51-144dcb853c2e,zeus.in,resell,,,high,medium,4,,,,28/09/2026 01:59
6de56968-ad1d-4898-baf0-dde1c51b369a,magistrate.in,available,7.95,7.95,medium,low,10,namesilo,,,01/10/2026 02:56
c6673953-4d4d-441a-9244-7766c62225d9,bioassay.in,available,7.95,7.95,medium,low,8,namesilo,,,23/09/2026 17:38
e638cbea-a96f-450f-824b-5a6c294803ad,thrashing.in,available,7.95,7.95,medium,low,9,namesilo,,,13/09/2026 07:54
0d557f39-2ffa-4b70-bd3a-6b397cce68ae,semitropic.in,available,7.95,7.95,medium,low,10,namesilo,,,10/09/2026 03:36
1345306b-7fd2-4dc2-8cb7-6dca82ec2039,spontaneously.in,available,5.97,5.97,medium,low,13,spaceship,,,30/09/2026 11:58
2aa406bb-a796-4519-970d-0674fb9e4f60,maguire.in,available,7.95,7.95,high,low,7,namesilo,,,28/09/2026 04:17
459db197-8536-454f-82ac-a0292070f26b,chatham.in,available,9.98,11.98,medium,low,7,namecheap,,,25/09/2026 15:25
0953893e-4c60-41cb-9ec5-16a40ab5fe2b,release.in,resell,,,high,low,7,101domain GRS Ltd.,09/03/2006 20:37,09/03/2027 20:37,26/09/2026 08:35
ea94aae3-b860-49f9-8c82-3e36caad5eac,filmed.in,resell,,,high,low,6,"Spaceship, Inc.",24/02/2005 11:58,24/02/2029 11:58,26/09/2026 06:04
dcc64686-0590-4a3c-adb1-cacd8e9b6322,coordinating.in,available,9.98,11.98,medium,low,12,namecheap,,,30/09/2026 07:45
d7c82e05-3180-4da5-8d9f-24237a443e14,dirigible.in,available,7.95,7.95,medium,low,9,namesilo,,,14/08/2026 09:02
5c865654-41f7-48d1-9c3f-a86b3e7cbfee,rotatory.in,available,9.98,11.98,high,medium,8,namecheap,,,09/09/2026 18:48
ebe33023-4bbd-4a69-a81a-9c4e06d75850,melodious.in,available,7.95,7.95,high,low,9,namesilo,,,24/08/2026 19:38
fbc760f4-2d77-4076-acba-b3aca6d2c65f,indelibly.in,available,7.95,7.95,medium,low,9,namesilo,,,15/09/2026 07:53
c5a63b06-153e-45a8-92d7-cb4f5ac551f3,trails.in,resell,,,medium,low,6,,,,29/09/2026 11:32
533cf16e-3e1d-425d-8e09-26903d9b25d7,stilted.in,available,7.95,7.95,medium,low,7,namesilo,,,10/09/2026 20:37
03a18727-4db2-4321-86f2-654948231a85,baptized.in,available,7.95,7.95,medium,low,8,namesilo,,,08/08/2026 14:55
ec8c3a4b-3cae-4481-866b-e8cb69d60214,meagre.in,available,9.98,11.98,medium,low,6,namecheap,,,24/08/2026 18:04
0338f203-0950-4af5-87cc-4119ac2ba0c9,trepid.in,available,7.95,7.95,medium,low,6,namesilo,,,11/09/2026 16:07
054955cd-bfcc-4ec0-9f0e-2496fe80be4c,phony.in,available,7.95,7.95,medium,low,5,namesilo,,,08/08/2026 23:09
ab3094f6-394a-480b-b702-98f5f851a255,thorns.in,available,7.95,7.95,low,low,6,namesilo,,,30/09/2026 23:36
1ba6e95e-df15-44f4-bbc3-9c260db87786,modulated.in,available,7.95,7.95,medium,low,9,namesilo,,,25/08/2026 03:19
3147de36-3baa-4eca-ae3a-ee6e82bd092e,quickset.in,available,9.98,11.98,medium,low,8,namecheap,,,09/09/2026 08:43
cee7ebe3-4501-4760-a775-08c4445170f1,shrewdness.in,available,9.98,11.98,high,low,10,namecheap,,,20/09/2026 18:18
e7b61e86-5517-4eb4-a123-e79f21b0e33e,streetfighter.in,resell,,,medium,low,14,Costrar EOOD,30/01/2026 04:24,30/01/2027 04:24,26/09/2026 09:20